date,Token,Period,price,cfgi,data_price,data_volatility,data_volume,data_impulse,data_technical,data_social,data_dominance,data_trends,datas_whales,data_orders
2022-03-31 00:00:50,BTC,1 Day,46957,60,62,93,60.5,37.5,66.5,17,60,83.5,43.5,98.5
2022-04-01 00:00:48,BTC,1 Day,45765,56,61,97.5,60,19.5,66.5,56,66,57,80.5,84.5
2022-04-02 00:00:50,BTC,1 Day,46311.5,67,61,97.5,60,70,66.5,57,43.5,81,71,86.5
2022-04-03 00:00:48,BTC,1 Day,46255.9,61,63.5,97,61.5,49.5,66.5,17.5,85,54,68.5,99
2022-04-04 00:00:50,BTC,1 Day,46834.5,68,61.5,95,61,75,70,30,81,78.5,79.5,99
2022-04-05 00:00:48,BTC,1 Day,46470.9,59,62,87,60.5,51.5,70,14,84.5,44.5,57,99
2022-04-06 00:00:51,BTC,1 Day,45967.8,55,59,82,60.5,33.5,65.5,7.5,94.5,61,13,74.5
2022-04-07 00:00:48,BTC,1 Day,43800,49,54.5,69,60.5,12,40,1,99,66.5,56,2
2022-04-08 00:02:38,BTC,1 Day,43510,54,49,52,62,59,42.5,1,99,61.5,99,1
2022-04-09 00:00:49,BTC,1 Day,42628.8,47,46.5,48,39,28.5,29,81.5,93,48,37,1
2022-04-10 00:00:41,BTC,1 Day,42575.9,40,46,45,39.5,10,41,58.5,66,51.5,88,9.5
2022-04-11 00:00:39,BTC,1 Day,42663.5,41,39.5,41.5,41,24,36.5,94.5,52.5,45,99,1
2022-04-12 00:00:40,BTC,1 Day,39442.5,33,35,35,42.5,9.5,17.5,1,99,45.5,96.5,34.5
2022-04-13 00:00:43,BTC,1 Day,39655.5,33,34.5,14.5,41,3.5,29,98.5,46,60,95.5,45
2022-04-14 00:00:37,BTC,1 Day,41230.8,35,39.5,7.5,41,11.5,37,88,18,73.5,91.5,99
2022-04-15 00:00:41,BTC,1 Day,39961,41,39.5,8.5,41,36.5,27.5,50,49,86,89.5,36
2022-04-23 17:30:39,BTC,1 Day,39810.9,34,43.5,49.5,42.5,14,22,92,24.5,41.5,84,45.5
2022-04-24 00:00:39,BTC,1 Day,39899.5,32,43.5,49.5,42.5,15,22,65.5,17.5,41.5,91,43.5
2022-04-25 00:00:37,BTC,1 Day,39630.1,32,44,49.5,44,18,27.5,25,24.5,50.5,90.5,43
2022-04-26 00:00:39,BTC,1 Day,40280,45,52,49.5,44.5,45.5,30,36,13,51,83,99
2022-04-27 00:00:42,BTC,1 Day,38316.2,38,46,49.5,43.5,34.5,22,15,20,42,99,92.5
2022-04-28 00:00:37,BTC,1 Day,39247.4,39,45.5,49,42,37.5,30,45.5,8.5,27.5,99,9
2022-04-29 00:00:39,BTC,1 Day,39859.5,42,50,48.5,41.5,35,29,49,26.5,55.5,99,9
2022-04-30 00:00:36,BTC,1 Day,38530.3,48,45.5,51.5,59,51,20,71.5,63.5,33,99,9
2022-05-01 00:00:37,BTC,1 Day,38277,44,45,47.5,41.5,34,22,85.5,66.5,70.5,99,6.5
2022-05-02 00:00:44,BTC,1 Day,38308.6,38,47,45.5,41.5,14.5,34.5,60,68,78,99,2
2022-05-03 00:00:38,BTC,1 Day,38665.9,39,45,45,42.5,34,30,32.5,27,45.5,99,2
2022-05-04 00:00:38,BTC,1 Day,37785.6,39,41.5,44,42,48,22,1,43.5,1,99,2
2022-05-05 00:00:40,BTC,1 Day,39767.3,57,47,57,57.5,75.5,51,70.5,2,56,99,4.5
2022-05-06 00:00:40,BTC,1 Day,36461.7,36,43.5,45,41,24,22,49,74,20,99,92
2022-05-07 00:00:41,BTC,1 Day,35957.2,28,37,44,38.5,10.5,24.5,44,39,44,99,3
2022-05-08 00:00:41,BTC,1 Day,35132.7,24,36,40.5,37.5,1,24.5,7,52,62,98.5,3
2022-05-09 00:00:40,BTC,1 Day,34465.1,24,34.5,3.5,37.5,1,22,33.5,81.5,49.5,99,6
2022-05-10 00:00:43,BTC,1 Day,30865.5,19,24,1,35.5,1,24.5,28,65.5,52.5,99,2
2022-05-11 00:00:41,BTC,1 Day,30200,17,27,2,13.5,1,36,31.5,41.5,34.5,94.5,7
2022-05-12 00:00:40,BTC,1 Day,28967.7,17,23,5.5,7,1,24.5,8,99,31.5,99,40
2022-05-13 00:00:38,BTC,1 Day,28425.8,20,20,3.5,2,5.5,27.5,91.5,1,93,1,34
2022-05-14 00:00:37,BTC,1 Day,30012.5,27,26.5,6,1,21.5,32.5,31.5,56,91.5,93.5,56.5
2022-05-15 00:00:38,BTC,1 Day,29735,35,26.5,19.5,4.5,44.5,32.5,10,47,98.5,96,45.5
2022-05-16 00:00:39,BTC,1 Day,31090.4,56,29,56.5,85,77.5,30,50.5,50,99,99,43
2022-05-17 00:00:41,BTC,1 Day,30185.3,54,28,60.5,73.5,77,22,19.5,70.5,97,94,43
2022-05-19 00:00:38,BTC,1 Day,30592.2,48,31,58,70.5,65.5,30,8.5,44.5,76.5,99,41.5
2022-05-20 00:00:40,BTC,1 Day,29188.7,26,21,42.5,34,26.5,26.5,39,1,52,94.5,34.5
2022-05-21 00:00:39,BTC,1 Day,30276.2,37,31.5,41.5,36.5,39,33.5,84,1,52,99,38
2022-05-22 00:00:41,BTC,1 Day,29223.6,29,30.5,42,37,31.5,26.5,2,5.5,28.5,99,55
2022-05-23 00:00:39,BTC,1 Day,29328.5,41,32,59.5,61.5,51,34.5,49.5,2,39,99,51
2022-05-24 00:00:39,BTC,1 Day,30067.9,42,38,44.5,43.5,48.5,38,70.5,1,43.5,97.5,54
2022-05-25 00:00:37,BTC,1 Day,29273.4,47,47,56.5,55.5,52.5,26.5,71.5,1,42.5,96,56.5
2022-05-26 00:00:39,BTC,1 Day,29597.9,46,45,55.5,57,51.5,30,71,1,38,98,68
2022-05-27 00:00:39,BTC,1 Day,29830.1,43,53,45.5,42,45,33.5,15,1,28.5,98.5,67.5
2022-05-28 00:00:38,BTC,1 Day,29569.2,46,52.5,53.5,58,51.5,34.5,15.5,1,29.5,99,66
2022-05-29 00:00:38,BTC,1 Day,28703.3,36,47.5,46.5,37.5,36.5,26.5,2.5,1,18,99,53
2022-05-30 00:00:42,BTC,1 Day,29000.1,36,45.5,45,34.5,36,34.5,9,1,26,98,67.5
2022-05-31 00:00:37,BTC,1 Day,29257.4,39,40.5,46.5,40,45,30,16,1,41.5,98.5,61
2022-06-01 00:00:38,BTC,1 Day,31878.5,64,58.5,53.5,56.5,87,54.5,80,2.5,26,95.5,57.5
2022-06-02 00:00:39,BTC,1 Day,31693.4,66,55.5,63,62.5,92.5,45.5,73,3,44,99,73.5
2022-06-03 00:00:39,BTC,1 Day,29551,57,53.5,69.5,62.5,75,24.5,54,17,18.5,93.5,47.5
2022-06-04 00:00:39,BTC,1 Day,30383.6,40,50.5,31.5,31.5,40.5,42.5,43.5,1,21,98.5,71
2022-06-05 00:00:42,BTC,1 Day,29801.2,32,53,36,35,19,26.5,12.5,2.5,29,98,58.5
2022-06-06 00:00:39,BTC,1 Day,29843.3,39,52,38,38,34,38,40,3,29,99,54.5
2022-06-07 00:00:38,BTC,1 Day,29955.5,42,48,39,42.5,39,39,72.5,3,42.5,99,48
2022-06-08 00:00:39,BTC,1 Day,31477.6,60,62,58,55,70,58,68,2,43,99,76.5
2022-06-09 00:00:39,BTC,1 Day,31413.7,60,59.5,56,57.5,78.5,51,43,3,28.5,1,78
2022-06-10 00:00:37,BTC,1 Day,30434.5,54,54.5,56.5,65,68.5,32.5,10.5,6.5,42,99,72
2022-06-11 00:00:38,BTC,1 Day,30133.2,44,54.5,43.5,35,38,33.5,83,3.5,43.5,98.5,55
2022-06-12 00:00:43,BTC,1 Day,29229.7,32,53,44,38.5,20,24.5,6,2.5,29,92,52
2022-06-13 00:00:38,BTC,1 Day,28570.2,30,48,41.5,37,16.5,31,21,1,22,93,17
2022-06-14 00:00:39,BTC,1 Day,27348.9,25,40.5,36,37.5,8.5,22,36,1,32.5,97.5,29
2022-06-15 00:00:41,BTC,1 Day,23062.4,12,18,25.5,34.5,1,24.5,1,1,40,99,44.5
2022-06-16 00:00:45,BTC,1 Day,21512.5,11,15.5,3,12,1,24.5,37.5,3.5,41,98.5,43
2022-06-17 00:00:45,BTC,1 Day,22245.1,17,19.5,1,9.5,1,39,52,12.5,89,97,70.5
2022-06-18 00:00:39,BTC,1 Day,20695.6,15,15,2,7.5,5,27.5,23,6.5,99,98.5,30
2022-06-19 00:00:41,BTC,1 Day,20393.5,26,21,29.5,18.5,24,41.5,29,51.5,50,96,45
2022-06-20 00:00:37,BTC,1 Day,20431.4,29,14,32.5,22,42.5,30,1,46.5,64.5,99,50
2022-06-21 00:00:38,BTC,1 Day,20979,50,16.5,64,74,76,30,26.5,53,98.5,95,59
2022-06-22 00:00:36,BTC,1 Day,19996.8,40,15.5,56,71,54.5,26.5,66,45.5,50,98.5,45
2022-06-23 00:00:36,BTC,1 Day,20692.4,40,19.5,56,67.5,51.5,30,34,64,50,99,57
2022-06-24 00:00:37,BTC,1 Day,21302.5,48,24,57.5,64.5,60.5,33.5,83.5,80,50,99,45
2022-06-25 00:00:39,BTC,1 Day,21501.7,48,26,54,62.5,74,36.5,1,76.5,37.5,99,41.5
2022-06-26 00:00:43,BTC,1 Day,21403,51,29.5,55,59,65.5,34.5,75.5,82.5,49,99,31.5
2022-06-27 00:00:41,BTC,1 Day,20813.6,45,41,45,43,47,30,23,80.5,50,99,31
2022-06-28 00:00:41,BTC,1 Day,20385.6,39,40.5,45,43.5,31.5,31,16.5,79,34,99,28.5
2022-06-29 00:00:23,BTC,1 Day,20285,37,37,46,43.5,30.5,26.5,14,67,50,98.5,28.5
2022-06-30 00:00:24,BTC,1 Day,18836.6,30,40.5,45,43,18.5,24.5,4.5,63.5,50,99,23.5
2022-07-01 00:00:20,BTC,1 Day,19406.1,39,43,44.5,42,31,26.5,51,78.5,50,98.5,29
2022-07-02 00:00:21,BTC,1 Day,19347.4,42,53,44,39.5,31,37,4,81,50,99,33.5
2022-07-03 23:45:19,BTC,1 Day,19309.8,37,29.5,44.5,42.5,33,34.5,91,82,50,76,44.5
2022-07-04 23:45:20,BTC,1 Day,19885,43,34.5,54.5,56,52,34.5,13,76.5,50,64.5,27
2022-07-05 23:45:21,BTC,1 Day,20390.2,54,38,54.5,56,70.5,43.5,97,84.5,50,83,33.5
2022-07-06 23:45:22,BTC,1 Day,20327.9,51,38,54.5,58.5,72,45.5,60,85.5,50,63.5,42.5
2022-07-07 23:45:21,BTC,1 Day,21612.1,61,47.5,55.5,59,78,51,90,77.5,50,46.5,59.5
2022-07-09 23:45:06,BTC,1 Day,21705.8,61,48,60.5,95,76.5,46.5,53.5,73,50,67,22.5
2022-07-10 23:56:00,BTC,1 Day,21043.5,43,44,42.5,5.5,48.5,37.5,77,66.5,21,58,26.5
2022-07-11 23:56:07,BTC,1 Day,20247.2,35,39,43.5,5,27.5,29,30,67,24.5,70,37.5
2022-07-12 23:56:09,BTC,1 Day,19431.1,27,35,43,9.5,12.5,26.5,59.5,57,28,65,29
2022-07-13 23:56:03,BTC,1 Day,19910.1,36,39.5,38,13,22,32.5,72.5,65.5,27.5,55.5,50
2022-07-14 23:57:28,BTC,1 Day,20482.8,51,44,61,90.5,50.5,40,62.5,80,38,57.5,39.5
2022-07-15 23:57:13,BTC,1 Day,20962.4,61,47,58.5,90,76.5,54.5,52,88.5,40,54,44
2022-07-16 23:56:58,BTC,1 Day,21204.4,62,49,56,87.5,73.5,50,88,93.5,50,83.5,45.5
2022-07-17 23:56:25,BTC,1 Day,21014,55,47.5,57,83.5,65,49,59,85,37,65.5,43.5
2022-07-18 23:56:11,BTC,1 Day,21657.5,57,52.5,57,80,66.5,60,50,86.5,21,10.5,52
2022-07-19 23:56:10,BTC,1 Day,23715.9,73,63,58.5,92,90,64.5,30,80,42.5,27,63.5
2022-07-20 23:55:54,BTC,1 Day,23645.7,74,62.5,65.5,97.5,94,62.5,91.5,81,2.5,39,53
2022-07-21 23:56:35,BTC,1 Day,23228.5,68,60,67,99,78,53.5,96,77.5,24,53,44
2022-07-22 23:56:06,BTC,1 Day,22752.6,54,56.5,34.5,2,48.5,55.5,81,70,63.5,81,40.5
2022-07-23 23:56:12,BTC,1 Day,22242.3,45,52.5,38,3,32.5,46,9,71.5,81,79,40
2022-07-24 23:56:11,BTC,1 Day,22782.3,53,56.5,45.5,6.5,38.5,51,90,82,27.5,74,44
2022-07-25 23:56:08,BTC,1 Day,22038.6,49,51,46,11.5,34.5,39.5,96.5,76,21.5,52,48.5
2022-07-26 23:56:08,BTC,1 Day,20951,40,44,42.5,9,20,26.5,51.5,77.5,97,74.5,34.5
2022-07-27 23:56:23,BTC,1 Day,22627.9,48,55,41,9,41.5,61,19.5,49.5,42.5,50,46.5
2022-07-28 23:56:25,BTC,1 Day,23965,69,61.5,58.5,94.5,86.5,62.5,34.5,85.5,8,38,52.5
2022-07-29 23:57:05,BTC,1 Day,23823,75,61,63,97.5,92.5,57.5,82.5,80.5,41,50,58
2022-07-30 23:56:58,BTC,1 Day,23896.4,70,61,66.5,98,81,56.5,81,78,63,64.5,65
2022-07-31 23:56:33,BTC,1 Day,23590.8,63,59,68,96.5,55,59,58.5,82.5,34,59,54.5
2022-08-01 23:56:34,BTC,1 Day,23007.3,52,54.5,37.5,6.5,36,55.5,90,75,29,62.5,34.5
2022-08-02 23:56:24,BTC,1 Day,23043.2,52,54.5,46,8.5,36,55.5,42.5,77,85,73,37.5
2022-08-03 23:57:08,BTC,1 Day,23272.3,59,56,46,8.5,45,67,84,76.5,93,80,41.5
2022-08-04 23:56:29,BTC,1 Day,22508.9,46,50,46,10,33.5,39,79,74.5,37,76.5,41.5
2022-08-05 23:56:29,BTC,1 Day,23117.5,52,55,46,10,48,58,79.5,83,8,69.5,42
2022-08-06 23:56:37,BTC,1 Day,23184.1,62,55,53.5,92,56.5,56.5,80,84.5,53.5,75.5,37.5
2022-08-07 23:56:24,BTC,1 Day,23291.5,60,55.5,53.5,84,63,60,87.5,82,13,62,37
2022-08-08 23:56:23,BTC,1 Day,23829.6,63,59.5,53.5,77.5,62,64.5,76,82,65,65.5,46.5
2022-08-09 23:56:37,BTC,1 Day,23180.7,62,53.5,55,85,57.5,59,88.5,88,66.5,38.5,41
2022-08-10 23:56:38,BTC,1 Day,23979.6,64,59,54.5,85.5,66,64.5,99,84,16,68.5,57.5
2022-08-11 23:57:49,BTC,1 Day,24174.8,64,60,55,93,60.5,64.5,95,87.5,9.5,31.5,50
2022-08-12 23:56:30,BTC,1 Day,24121.4,67,60,55.5,98,68.5,62.5,53,89,82.5,66.5,47.5
2022-08-13 23:56:30,BTC,1 Day,24477.5,68,62,56,97.5,65,64.5,47.5,90,77,62,47
2022-08-14 23:56:09,BTC,1 Day,24324.7,63,60.5,55.5,96,62,59,98,91,1,42,47.5
2022-08-15 23:56:20,BTC,1 Day,24004,50,57,44.5,5,46,54.5,67,80,2.5,51.5,32
2022-08-16 23:56:13,BTC,1 Day,23926.3,55,56.5,46.5,2,40.5,58,98.5,80,47,71.5,63
2022-08-17 23:56:27,BTC,1 Day,23328.9,41,50,46.5,2.5,30,32,26,84,10.5,80,43.5
2022-08-18 23:56:11,BTC,1 Day,23364.3,42,50.5,45,2,31.5,32,32,91.5,5,27.5,33
2022-08-19 23:56:13,BTC,1 Day,21101.8,24,34,44,4,8.5,17.5,58.5,65.5,43,56.5,24.5
2022-08-20 23:56:14,BTC,1 Day,21080.3,23,35.5,29.5,1,8,20,58.5,62.5,10.5,71,29
2022-08-21 23:56:02,BTC,1 Day,21535.1,29,39.5,26.5,2.5,12,34.5,30.5,77,12,52.5,35.5
2022-08-22 23:56:04,BTC,1 Day,21103.4,36,37,29,4.5,41,27.5,48.5,64,40,71,27
2022-08-23 23:58:11,BTC,1 Day,21494.2,47,39.5,66,96.5,55,34.5,61,63,25.5,14,34.5
2022-08-24 23:58:03,BTC,1 Day,21596.5,53,40.5,61,96.5,54.5,34.5,51,71,98.5,46.5,36.5
2022-08-25 23:58:12,BTC,1 Day,21573.4,52,41,54,95,53.5,32.5,60,71,98.5,77,33
2022-08-26 23:58:17,BTC,1 Day,20641.3,36,35,47,6.5,35,20,83,50.5,59,20.5,50
2022-08-27 23:56:58,BTC,1 Day,19919.9,31,31,43.5,2.5,21.5,26.5,73.5,62.5,76.5,68,26
2022-08-28 23:56:12,BTC,1 Day,19979.3,26,31.5,41,5,17,29,45.5,45.5,43,60.5,25
2022-08-29 23:56:35,BTC,1 Day,20201.6,42,36,38,9,36,37,76.5,57.5,94.5,63,26
2022-08-30 23:55:59,BTC,1 Day,19822.1,33,34.5,39,8,41.5,25.5,1,72.5,50,16,33.5
2022-08-31 23:56:40,BTC,1 Day,20234.7,51,38.5,59,96.5,61,32.5,20.5,81.5,90.5,46,34.5
2022-09-01 23:56:36,BTC,1 Day,20085.8,34,37,46,1.5,48.5,32.5,19,66,14,69.5,25.5
2022-09-02 23:56:37,BTC,1 Day,19969.4,45,36.5,54,98.5,53.5,27.5,58,67,59,20.5,39
2022-09-03 23:56:42,BTC,1 Day,19750.2,37,35,46,1.5,45,22,91.5,80.5,3.5,66.5,26
2022-09-04 23:56:20,BTC,1 Day,19880.7,37,36.5,46.5,5,45,24.5,50.5,79,50,33,27.5
2022-09-05 23:56:41,BTC,1 Day,19740.2,39,36,47,8,45,26.5,87,85.5,12,27,31
2022-09-06 23:56:30,BTC,1 Day,18972.6,32,31,47,6,34,22,4,95.5,36.5,64,43.5
2022-09-07 23:57:29,BTC,1 Day,19361,41,36.5,43.5,1,33.5,30,94.5,96.5,35,64.5,33.5
2022-09-08 23:57:20,BTC,1 Day,19326.2,38,36.5,43.5,1,35.5,27.5,69,90,42.5,85,47
2022-09-09 23:56:50,BTC,1 Day,21247,62,54,56.5,99,84,57,1,91.5,13,59.5,44
2022-09-10 23:56:31,BTC,1 Day,21568.7,72,56,63.5,99,90.5,51,38,90.5,37.5,28,45
2022-09-11 23:56:35,BTC,1 Day,21496.6,72,55,70,99,92.5,45.5,32,88,41.5,45,47.5
2022-09-12 23:58:57,BTC,1 Day,22360,72,61,75,99,82.5,62.5,91,77,61.5,50,50
2022-09-13 23:56:48,BTC,1 Day,20095.5,39,44.5,26.5,1,34,24.5,52.5,78,29.5,55,42.5
2022-09-14 23:56:49,BTC,1 Day,20170.6,32,45,31,1,19,26.5,27.5,47.5,45,48.5,34
2022-09-15 23:56:52,BTC,1 Day,19834.6,28,43,36.5,1,7,24.5,63,73.5,18.5,67,30.5
2022-09-16 23:56:56,BTC,1 Day,19738.3,36,42.5,31.5,1,25.5,34.5,73,51.5,41.5,71,27
2022-09-17 23:56:45,BTC,1 Day,20038.1,43,45,31,1,38,30,87.5,70,55.5,72.5,26.5
2022-09-18 23:56:46,BTC,1 Day,19468.6,36,41.5,34,1,44,25.5,72.5,27.5,47,12.5,21
2022-09-19 23:56:34,BTC,1 Day,19552.2,39,42.5,45,1,43.5,25.5,61.5,60.5,50,1,38
2022-09-20 23:56:27,BTC,1 Day,18929.3,34,38.5,45,1,27.5,22,49.5,65,33,1,37.5
2022-09-21 23:57:12,BTC,1 Day,18473.5,31,36,44,1,27,22,62.5,48,14.5,1,19.5
2022-09-22 23:56:21,BTC,1 Day,19213.3,37,43,41.5,1,36,27.5,89.5,25.5,13.5,54,32.5
2022-09-23 23:56:01,BTC,1 Day,18976,36,41.5,42,1,48.5,34.5,56,31.5,50,23.5,42
2022-09-24 23:56:16,BTC,1 Day,18935.5,47,41.5,56,99,60.5,22,69.5,33.5,50,71.5,27.5
2022-09-25 23:57:03,BTC,1 Day,18766.9,38,40,44.5,1,41.5,26.5,84,33,36,71,36.5
2022-09-26 23:56:56,BTC,1 Day,19104.5,40,43,45,1.5,44.5,32.5,60,25,86.5,59.5,32
2022-09-27 23:56:48,BTC,1 Day,19022.2,37,43,45,1,50,25.5,30,57.5,24,26.5,50
2022-09-28 23:56:47,BTC,1 Day,19617.1,56,48,54,99,65.5,42.5,53.5,23,99,39.5,45.5
2022-09-29 23:59:10,BTC,1 Day,19428.1,57,46.5,54,99,57.5,34.5,80,53,99,20,42.5
2022-09-30 23:57:30,BTC,1 Day,19361.1,52,46,54.5,99,59,38,10.5,53.5,88,67.5,38.5
2022-10-01 23:56:51,BTC,1 Day,19293.6,49,45.5,54.5,99,50.5,32.5,6,52,82.5,71,42
2022-10-02 23:58:36,BTC,1 Day,19197.5,38,44.5,46.5,1,42.5,25.5,64.5,24,64,50,37.5
2022-10-03 23:57:40,BTC,1 Day,19536,42,48.5,46,1,49,51,1,22,94,28,47
2022-10-04 23:57:27,BTC,1 Day,20290.1,61,55.5,54,99,68,61,92.5,17.5,73,25.5,42.5
2022-10-05 23:57:27,BTC,1 Day,20058.8,58,53,56.5,99,74.5,46.5,11,17,96.5,54,34
2022-10-06 23:57:08,BTC,1 Day,19920.4,60,51.5,57.5,99,64.5,50,38.5,50,99,22.5,31.5
2022-10-07 23:55:15,BTC,1 Day,19571.9,45,48,42.5,1,40,31,80,25,93,50,38
2022-10-08 23:57:26,BTC,1 Day,19308.8,39,45.5,43,1,30.5,26.5,61.5,22,89,54.5,36
2022-10-09 23:58:04,BTC,1 Day,19482,41,47.5,44,5.5,34.5,33.5,56.5,24.5,79.5,65.5,33
2022-10-10 23:57:00,BTC,1 Day,19242.6,36,45,44,12.5,39.5,24.5,6.5,22.5,38.5,13,31.5
2022-10-11 23:56:26,BTC,1 Day,19012.4,43,42.5,44,10.5,38.5,26.5,97.5,47.5,25,66,38.5
2022-10-12 23:58:51,BTC,1 Day,19180.4,42,44.5,44.5,8,42,30,71,54.5,47.5,9.5,34
2022-10-13 23:51:54,BTC,1 Day,19400.5,53,47.5,54,92,52.5,39,86.5,21,90.5,18.5,31.5
2022-10-14 23:57:31,BTC,1 Day,19132.6,50,44.5,54,98.5,52,25.5,94.5,24.5,69,46,40
2022-10-15 23:56:39,BTC,1 Day,19073.1,40,44,46.5,1,49.5,26.5,69.5,51.5,62.5,65,28.5
2022-10-16 23:56:21,BTC,1 Day,19171,39,45.5,46.5,4.5,46,26.5,65,24,62,49.5,28.5
2022-10-17 23:56:35,BTC,1 Day,19527.1,56,50.5,53.5,90,56,54.5,77,58,56.5,14.5,26.5
2022-10-18 23:56:42,BTC,1 Day,19287.5,51,47,54,91.5,56,30,89,23,72,8,25.5
2022-10-19 23:56:51,BTC,1 Day,19201.2,49,46,54,94,51.5,22,91,20.5,50.5,46.5,26.5
2022-10-20 23:58:31,BTC,1 Day,19074,47,44.5,46,8.5,40.5,31,99,53.5,79,8,27
2022-10-21 23:58:59,BTC,1 Day,19153.9,42,46,45.5,8,43,32.5,76,55.5,16.5,82.5,27.5
2022-10-22 23:58:27,BTC,1 Day,19204.4,38,46.5,45.5,5.5,49,30,63.5,27.5,15,78.5,32
2022-10-23 23:58:45,BTC,1 Day,19539.2,50,52,54.5,87.5,60,58,54,29,6.5,47,31.5
2022-10-24 23:58:13,BTC,1 Day,19367.7,51,49.5,54.5,85.5,57.5,49,71,66.5,7,4,34.5
2022-10-25 23:58:03,BTC,1 Day,20195.7,62,60,54.5,91,71.5,67,87,53,5.5,14.5,29.5
2022-10-27 23:56:20,BTC,1 Day,20391.8,70,60,61,99,78.5,54.5,88.5,85.5,50,45.5,39.5
2022-10-28 23:57:00,BTC,1 Day,20583.6,64,61,61,99,68.5,54.5,40.5,86,14.5,20,48
2022-10-29 23:57:19,BTC,1 Day,20856.6,68,63.5,60,99,57.5,64.5,63.5,92.5,64.5,75.5,50
2022-10-30 23:57:57,BTC,1 Day,20583.1,66,60,60,99,57.5,54.5,98,70,72,14,39
2022-10-31 23:57:04,BTC,1 Day,20478.6,57,58,44,2.5,49.5,54.5,89,88.5,29.5,22.5,34
2022-11-01 23:58:46,BTC,1 Day,20465.3,54,58,45.5,1.5,43.5,56.5,93.5,90.5,6,53,33
2022-11-02 23:58:10,BTC,1 Day,20091.8,52,52.5,45.5,1.5,37,48.5,43.5,86.5,99,1,38.5
2022-11-03 23:58:47,BTC,1 Day,20188.5,48,53.5,45,1,40,54.5,12.5,67,77.5,7,35
2022-11-04 23:45:18,BTC,1 Day,21189.3,73,64.5,55.5,99,61.5,73.5,96,92,96,47,40.5
2022-11-04 23:59:32,BTC,1 Day,21174.4,71,64.5,55.5,99,61,73.5,77,92,90.5,2.5,39
2022-11-05 23:45:10,BTC,1 Day,21290,72,65.5,57,99,75,66.5,95.5,67,54.5,71.5,15
2022-11-05 23:59:05,BTC,1 Day,21306.6,74,65.5,57,99,75,66.5,99,89.5,54,74.5,15
2022-11-06 23:57:15,BTC,1 Day,21139.9,71,63,59,99,76,63.5,60.5,87,91.5,2.5,12.5
2022-11-07 23:57:54,BTC,1 Day,20469.4,48,53.5,41,1,43.5,50,13,86.5,47.5,24,13.5
2022-11-08 23:59:25,BTC,1 Day,18473.5,22,35.5,41,1,6.5,20,48.5,39,31,36,34
2022-11-09 23:59:07,BTC,1 Day,15857.8,14,24.5,29.5,1,1,22,30.5,33,60.5,67.5,3.5
2022-11-10 23:58:48,BTC,1 Day,17844.5,21,40,6,1,1,30,1,58.5,62,37,60.5
2022-11-11 23:57:57,BTC,1 Day,16958,21,35.5,5.5,1,5,27.5,5.5,59.5,43,30,7
2022-11-12 23:58:25,BTC,1 Day,16832.2,49,35,92,99,51,32.5,40,81,62,33.5,7.5
2022-11-13 23:57:52,BTC,1 Day,16451,34,33.5,14.5,1,28,27.5,4,82,98,1.5,4.5
2022-11-14 23:58:55,BTC,1 Day,16420.3,37,33.5,31.5,2,32,30,16,80,95,10.5,9
2022-11-15 23:58:07,BTC,1 Day,16899.9,41,37.5,39,1.5,45.5,30,11,78,99,57,28.5
2022-11-16 23:58:14,BTC,1 Day,16613.4,51,36,58.5,97.5,55,32.5,67.5,76,98.5,24.5,17
2022-11-17 23:58:45,BTC,1 Day,16721.8,45,37,56,95.5,54.5,32.5,7.5,42,99,33,29
2022-11-18 23:58:57,BTC,1 Day,16662.1,41,36.5,45,7,46.5,30,89.5,48.5,80,65.5,16.5
2022-11-19 23:57:48,BTC,1 Day,16743.1,46,37,55,90,50.5,32.5,96,47,43.5,59.5,32
2022-11-20 23:58:09,BTC,1 Day,16302.9,36,34.5,46,19,41.5,22,38,63.5,62.5,50,12.5
2022-11-21 23:58:24,BTC,1 Day,15745.3,31,31.5,45,22.5,29,20,15.5,66.5,32.5,2.5,31
2022-11-22 23:57:44,BTC,1 Day,16194.8,38,36,42.5,14.5,33.5,32.5,38,64.5,73.5,39,20.5
2022-11-23 23:57:59,BTC,1 Day,16517,37,39.5,42.5,15,49.5,33.5,44.5,35,50,63,17.5
2022-11-24 23:57:42,BTC,1 Day,16597.8,44,40.5,57.5,87,67,33.5,1,43,50,18,20.5
2022-11-25 23:58:09,BTC,1 Day,16525.2,48,39.5,57,85,62,33.5,85,53.5,43.5,51.5,16
2022-11-26 23:57:37,BTC,1 Day,16415.3,43,39,57,82,50.5,31,88,28.5,37.5,36.5,18
2022-11-27 23:58:28,BTC,1 Day,16581,35,40.5,43,20.5,49.5,34.5,8.5,28.5,49.5,64,19.5
2022-11-28 23:58:00,BTC,1 Day,16224.2,39,37,45.5,23,42.5,26.5,32,56.5,74,36,15
2022-11-29 23:57:49,BTC,1 Day,16483.3,41,41,45.5,19.5,48,41,67,63.5,18.5,30,16.5
2022-11-30 23:58:30,BTC,1 Day,17125,59,48.5,54.5,83,63.5,51,98.5,72,65,41,51
2022-12-01 23:59:06,BTC,1 Day,16972.2,53,47,57,88,69.5,49,6,71,40,34.5,28.5
2022-12-02 23:58:31,BTC,1 Day,17042.5,51,48,57.5,87.5,68.5,39,23.5,31,50,8,16
2022-12-03 23:58:17,BTC,1 Day,16897.1,44,46.5,58,85,50.5,35.5,40.5,12.5,38.5,13,16
2022-12-04 23:57:32,BTC,1 Day,17104.7,45,49,58,80.5,53,45.5,7,45.5,16,47.5,14.5
2022-12-05 23:59:54,BTC,1 Day,16940.2,44,47,43.5,21.5,46.5,37.5,92,12,21.5,47,11.5
2022-12-06 23:58:23,BTC,1 Day,16975.9,50,47.5,54.5,81.5,51.5,49,60.5,12,90.5,34,14
2022-12-07 23:58:17,BTC,1 Day,16846.3,46,46,45.5,18.5,45.5,36.5,29,32,96.5,37,21
2022-12-08 23:58:22,BTC,1 Day,17197.1,50,50.5,55,82.5,54,54.5,6,13,98,50.5,17
2022-12-09 23:58:23,BTC,1 Day,17129.2,50,50,55,84,51.5,50,69,13,71.5,38.5,19
2022-12-10 23:58:43,BTC,1 Day,17134.6,51,50,55,85,57.5,46.5,52.5,15,82,61,19.5
2022-12-11 23:58:17,BTC,1 Day,17117.9,45,49.5,45,20.5,49.5,51,15.5,41,61.5,48,9.5
2022-12-12 23:58:39,BTC,1 Day,17159.3,54,50.5,55,76.5,50.5,44.5,86,40,83,50.5,43.5
2022-12-13 23:58:01,BTC,1 Day,17768,61,58.5,55,79.5,63.5,63.5,36,39,97,31,36.5
2022-12-14 23:58:42,BTC,1 Day,17836.6,63,59.5,56.5,85.5,69.5,56.5,88,13.5,99,13,39.5
2022-12-15 23:58:16,BTC,1 Day,17346.4,54,51.5,58,88.5,59,44,47.5,10.5,99,36,6.5
2022-12-16 23:59:20,BTC,1 Day,16731.4,38,43.5,42.5,12.5,31.5,24.5,83.5,7,71,47.5,22.5
2022-12-17 23:58:15,BTC,1 Day,16740.8,37,44,40.5,12,23.5,33.5,93,9,38.5,1,32
2022-12-18 23:57:44,BTC,1 Day,16765.5,36,44.5,39.5,18.5,29,30,61.5,10,51.5,57,31
2022-12-20 23:58:25,BTC,1 Day,16867.2,39,47,39,25.5,49,35.5,61,12,3,2.5,36
2022-12-21 23:58:07,BTC,1 Day,16767.3,43,46,57.5,79,51,25.5,35.5,38.5,19.5,44,19.5
2022-12-22 23:57:42,BTC,1 Day,16801.1,48,46.5,56,76,58.5,25.5,70,11.5,89,13,22
2022-12-23 23:58:05,BTC,1 Day,16797.3,46,46,55.5,75.5,50.5,22,75,45,35.5,1,24.5
2022-12-24 23:57:17,BTC,1 Day,16832.8,49,47,56,74,50.5,30,90.5,40,47,69,26
2022-12-25 23:57:27,BTC,1 Day,16820.8,45,46.5,44,31.5,49.5,27.5,94.5,15.5,54.5,76.5,25.5
2022-12-26 23:57:33,BTC,1 Day,16839.2,47,47,54.5,67,51.5,30,68,12.5,89,33.5,36
2022-12-27 23:57:26,BTC,1 Day,16694.3,45,44.5,45.5,34,48,22,74.5,17.5,92.5,67,27
2022-12-28 23:57:31,BTC,1 Day,16520,44,41.5,45,31.5,43,22,47.5,40.5,93.5,1,22.5
2022-12-29 23:57:45,BTC,1 Day,16627.5,47,44,44.5,29,41.5,30,71.5,42,99,6,22.5
2022-12-30 23:57:38,BTC,1 Day,16590.4,42,43.5,44,29,45,25.5,31,44,75,21,21
2022-12-31 23:57:40,BTC,1 Day,16516.5,43,42,44,29,48,22,74.5,45.5,72.5,76.5,13
2023-01-01 23:45:01,BTC,1 Day,16598.5,42,44,44,32.5,49,30,21.5,49.5,67.5,62.5,17.5
2023-01-01 23:59:33,BTC,1 Day,16602.3,44,44,44,32.5,49,30,45,49,69,4,18.5
2023-01-02 23:58:35,BTC,1 Day,16697.9,48,46.5,55,64.5,52,33.5,68.5,20,92.5,45.5,20.5
2023-01-03 23:58:40,BTC,1 Day,16675.6,52,46,55,64,53,36.5,98,50,78,51,17.5
2023-01-04 23:58:34,BTC,1 Day,16827.2,54,50,55,66,55.5,54.5,80,60.5,59,16,25.5
2023-01-05 23:57:21,BTC,1 Day,16834,55,50,55.5,71.5,55.5,47.5,44,56,97.5,2.5,17.5
2023-01-06 23:57:55,BTC,1 Day,16959,57,53.5,56,71.5,58,61,98,22.5,76.5,5,19
2023-01-07 23:58:25,BTC,1 Day,16937.3,54,53,56,74.5,54,53.5,40.5,55.5,54.5,13.5,18
2023-01-08 23:57:26,BTC,1 Day,16974.5,57,54,56,69.5,54.5,51,94.5,52,76,41.5,22.5
2023-01-09 23:58:32,BTC,1 Day,17200.4,59,59.5,56.5,68,57.5,64.5,81.5,32,64,10,27
2023-01-10 23:57:56,BTC,1 Day,17442.6,64,65,56.5,76.5,63,64.5,76.5,65,24.5,14,26.5
2023-01-11 23:58:04,BTC,1 Day,17558.4,58,67,57.5,79,63,62.5,44,27.5,4,1,62.5
2023-01-12 23:57:21,BTC,1 Day,18913.1,73,81.5,60,84,87,71,23,28.5,3,1,59
2023-01-13 23:57:38,BTC,1 Day,19856.5,81,86,66.5,96,95,74.5,29.5,48.5,4,27,61.5
2023-01-14 23:57:51,BTC,1 Day,20964,86,89.5,76,98,98.5,70,96,53,4.5,22.5,59
2023-01-15 23:57:48,BTC,1 Day,20903.2,83,88.5,85,99,96.5,62,89,26,6,1,57
2023-01-16 23:57:38,BTC,1 Day,21182.3,80,88.5,84.5,97,89.5,72.5,46.5,24,6,20,60.5
2023-01-17 23:58:55,BTC,1 Day,21229.1,74,88.5,80.5,97.5,69.5,72.5,67,19.5,8.5,45.5,56.5
2023-01-18 23:57:50,BTC,1 Day,20805.5,73,80.5,71.5,97.5,53.5,60,86,49.5,19.5,38,57
2023-01-19 23:57:27,BTC,1 Day,21060.3,64,80,38.5,1.5,46.5,72.5,98,20,12,3.5,58.5
2023-01-20 23:57:46,BTC,1 Day,22575.5,76,85.5,57,98,78,80,85,16,13,27,88
2023-01-21 23:57:42,BTC,1 Day,23061.5,82,86.5,67,99,94,71,62,37,12,32.5,83.5
2023-01-22 23:59:10,BTC,1 Day,22673.9,79,84,71.5,99,91.5,63,72.5,12.5,24,8.5,66.5
2023-01-23 23:58:14,BTC,1 Day,22917.8,70,85.5,73,99,72,63,26,9,9.5,21,72.5
2023-01-24 23:58:27,BTC,1 Day,22767,69,82.5,73.5,99,56.5,65.5,26,22.5,14.5,1,71
2023-01-25 23:59:15,BTC,1 Day,22928.2,73,81.5,66,99,55,72.5,67,25.5,31,2.5,55
2023-01-26 23:58:08,BTC,1 Day,23006.6,72,81,57,99,54,65.5,87,6,32,6.5,66.5
2023-01-27 23:58:24,BTC,1 Day,22994.9,72,81,57,99,60,72.5,99,22,12.5,5,61.5
2023-01-28 23:58:23,BTC,1 Day,22986.2,66,79.5,57,99,51.5,72.5,10,17,19.5,31.5,63
2023-01-29 23:58:17,BTC,1 Day,23760.8,73,83.5,57,96,67.5,78,90,6,19.5,6,61
2023-01-30 23:57:38,BTC,1 Day,22716.9,54,67,40,2.5,46.5,62,80,5,23.5,30.5,50
2023-01-31 23:58:24,BTC,1 Day,23197.7,60,71,59,98.5,54.5,70,12.5,5.5,19.5,4.5,59.5
2023-02-01 23:58:17,BTC,1 Day,23716.7,58,73.5,41,2,49.5,73.5,58.5,6.5,28,19,67
2023-02-02 23:58:23,BTC,1 Day,23569.8,68,71.5,60.5,98.5,67,64,92,8,39.5,6,51.5
2023-02-03 23:59:34,BTC,1 Day,23432,68,69.5,60.5,99,61.5,70,96.5,36.5,20,5.5,48.5
2023-02-04 23:57:44,BTC,1 Day,23416.4,54,69.5,40,1,47,65.5,22.5,15,42.5,44.5,44
2023-02-05 23:58:05,BTC,1 Day,22981.9,48,63,40.5,2,37,59,54.5,11.5,19,33.5,40
2023-02-06 23:58:52,BTC,1 Day,22878.7,48,61.5,41,3.5,32.5,59,28,37.5,35.5,1,44.5
2023-02-07 23:58:25,BTC,1 Day,23231.7,54,64,39.5,3.5,41.5,72.5,42.5,43,33.5,30,51.5
2023-02-08 23:58:43,BTC,1 Day,22937.3,51,60,41,2,47.5,55.5,81.5,12,46,7,57.5
2023-02-09 23:58:17,BTC,1 Day,21785,38,47,41.5,2,28.5,42,79,9,56,4.5,29
2023-02-10 23:57:38,BTC,1 Day,21586.1,31,45.5,36,1,13,42,96.5,6.5,6,70.5,46
2023-02-11 23:57:48,BTC,1 Day,21825.2,32,48,33,1,15.5,52.5,32,30.5,18,36,53.5
2023-02-12 23:57:50,BTC,1 Day,21808.7,40,47.5,32.5,3,37.5,57,71,27.5,10.5,1,60.5
2023-02-13 23:57:45,BTC,1 Day,21647.5,35,46,32.5,5,46.5,45.5,5,5.5,20,30,51
2023-02-14 23:57:41,BTC,1 Day,22185.4,54,52,63,96,58.5,55.5,73,32,17.5,6.5,42.5
2023-02-15 23:57:50,BTC,1 Day,24157.8,76,67.5,57.5,98,93,75.5,65,22.5,61,27,76
2023-02-16 23:58:15,BTC,1 Day,24060.3,74,65,76.5,99,96.5,71,23.5,4.5,52.5,7,83.5
2023-02-17 23:59:20,BTC,1 Day,24725.7,75,66.5,78,99,97.5,78,83,28,2.5,1,95
2023-02-18 23:59:16,BTC,1 Day,24626.7,67,66,83,99,77,74.5,90.5,5,13.5,36.5,92.5
2023-02-19 23:59:23,BTC,1 Day,24491.5,68,64.5,82,99,80,70,69,5.5,64.5,32.5,91.5
2023-02-20 23:57:59,BTC,1 Day,24726.7,62,65,74,99,60,72.5,28,5,78,1,90
2023-02-21 23:58:54,BTC,1 Day,24365.1,51,61,37.5,1,48,65.5,68.5,19.5,25.5,38.5,91
2023-02-22 23:56:55,BTC,1 Day,24065.9,48,58,37.5,1,45,70,22,18,38,45,93
2023-02-23 23:57:25,BTC,1 Day,23878.4,40,56.5,41.5,1,27,65.5,56,4,7.5,49,84.5
2023-02-24 23:57:56,BTC,1 Day,23094.7,31,50,40,1,16,45.5,8.5,5,32,13.5,82.5
2023-02-25 23:56:44,BTC,1 Day,23128.4,36,50,35.5,1,17.5,45.5,80.5,17.5,34,1.5,77.5
2023-02-26 23:56:58,BTC,1 Day,23440.6,40,52.5,32,1.5,27.5,65.5,83.5,15,2.5,48.5,80
2023-02-27 23:57:16,BTC,1 Day,23521.8,51,53,64.5,97,52,64.5,39.5,24.5,5.5,52,61
2023-02-28 23:57:04,BTC,1 Day,23149.2,51,49.5,61.5,97,50.5,57.5,38.5,4.5,69,18.5,82.5
2023-03-01 23:57:44,BTC,1 Day,23516,52,53,60,96.5,50,72.5,49,7.5,16.5,21.5,87
2023-03-02 23:56:51,BTC,1 Day,23479,52,52.5,58,97.5,50,57.5,35.5,29.5,20,5.5,82.5
2023-03-03 23:56:38,BTC,1 Day,22335.2,35,43,42,3.5,31,36.5,8,26,76,67.5,55.5
2023-03-04 23:57:01,BTC,1 Day,22306.4,31,42.5,36.5,3,16.5,43.5,38.5,23,33,53.5,50
2023-03-05 23:56:35,BTC,1 Day,22425.6,34,43.5,34,9,17,53.5,90,25.5,4,35.5,58.5
2023-03-06 23:57:53,BTC,1 Day,22426.8,39,43.5,34,13.5,40,49,63,5,69.5,38,58
2023-03-07 23:57:21,BTC,1 Day,22104.4,45,41,33.5,14,40.5,36.5,75.5,99,40.5,8.5,58.5
2023-03-08 23:56:54,BTC,1 Day,21753.5,32,38,37,9,32.5,32,50,7,18.5,20,60.5
2023-03-09 23:57:40,BTC,1 Day,20365,18,29.5,40.5,6.5,7.5,31,4.5,29.5,1,12.5,32.5
2023-03-10 23:56:32,BTC,1 Day,20117.5,15,28,28.5,2,4,30,20,9,6.5,1.5,57
2023-03-11 23:57:01,BTC,1 Day,20345.9,20,30.5,22,1,8,35.5,61,10.5,19,6.5,52.5
2023-03-12 23:57:04,BTC,1 Day,21658.2,50,44.5,77.5,99,66,46.5,11,40,23.5,3,46
2023-03-13 23:56:56,BTC,1 Day,24194.3,74,61,75,99,99,78,6.5,24,47,45,79.5
2023-03-14 23:56:59,BTC,1 Day,24675,80,63,89.5,99,99,78,92,22.5,90,22.5,80
2023-03-15 23:57:53,BTC,1 Day,24410.1,78,61,96.5,99,99,67.5,73.5,16.5,81,11.5,59.5
2023-03-16 23:57:12,BTC,1 Day,24952.8,73,63.5,96.5,99,91,77,15.5,1.5,97.5,63.5,78
2023-03-17 23:57:21,BTC,1 Day,27590,81,72.5,94,99,98.5,78,69,4,86.5,46,90.5
2023-03-18 23:56:53,BTC,1 Day,26910,79,68.5,93,99,98.5,70,36,1,93.5,1,83.5
2023-03-19 23:56:56,BTC,1 Day,28114.8,81,72,87,99,99,75.5,42.5,1,81,62,93
2023-03-20 23:58:56,BTC,1 Day,27949.8,75,71.5,90.5,99,87,67.5,65,2,84,22,86.5
2023-03-21 23:56:32,BTC,1 Day,28037.9,76,71,90,99,85.5,72.5,99,1,95,1,92.5
2023-03-22 23:57:02,BTC,1 Day,27199.2,51,64.5,18.5,1,40,61,27.5,3.5,96,62,67.5
2023-03-23 23:56:46,BTC,1 Day,28217.4,67,68.5,63,99,62,67.5,67.5,5,98.5,45.5,83.5
2023-03-24 23:56:50,BTC,1 Day,27306.2,51,62,35,2,31.5,67.5,72.5,4,98.5,36,65.5
2023-03-25 23:57:05,BTC,1 Day,27433.2,65,62.5,62,92,52,72.5,98,5,94.5,52,68.5
2023-03-26 23:57:32,BTC,1 Day,27804,53,64.5,38,18.5,36.5,71,22,1,89,1,78
2023-03-27 23:57:42,BTC,1 Day,27177.4,50,59.5,37.5,27.5,41.5,66.5,10,3,77.5,7.5,56
2023-03-28 23:57:00,BTC,1 Day,27182,53,59.5,37,30.5,39,68,67.5,2,75,66.5,57.5
2023-03-29 23:58:20,BTC,1 Day,28389.6,66,64.5,63,67,58,73.5,30,99,58,10,69.5
2023-03-30 23:56:10,BTC,1 Day,28080.3,70,62.5,63.5,66,75,80,42.5,99,58,10.5,50
2023-03-31 23:57:11,BTC,1 Day,28489.4,67,64,64,66.5,84.5,78,61.5,1,57.5,45.5,91.5
2023-04-01 23:56:38,BTC,1 Day,28474.4,61,64,66,65,65.5,72.5,95.5,1,32,11,78.5
2023-04-02 23:56:48,BTC,1 Day,28005.4,55,60.5,67,61,54.5,65.5,59,6,41.5,48,84
2023-04-03 23:56:34,BTC,1 Day,27695.3,48,58,36.5,40.5,31.5,63.5,37.5,9,57,30,76.5
2023-04-04 23:56:55,BTC,1 Day,28210.4,54,61,40.5,39.5,39,75.5,50,3,48,30.5,64
2023-04-05 23:55:33,BTC,1 Day,28173.6,49,60.5,40.5,40.5,45.5,69,50,5,39,56,70.5
2023-04-06 23:54:53,BTC,1 Day,28009.2,48,59,59,59.5,54.5,66.5,1,4,29.5,1,69.5
2023-04-07 23:54:58,BTC,1 Day,27893,45,58,41.5,41.5,44.5,54.5,1,4,17,49,72
2023-04-08 23:55:47,BTC,1 Day,27929.8,54,58.5,42.5,43,42.5,54.5,50.5,13,85,64.5,67.5
2023-04-09 23:54:45,BTC,1 Day,28400,57,61.5,57.5,56,57,73.5,58.5,13,60.5,53.5,75
2023-04-10 23:54:23,BTC,1 Day,29223.4,67,67,58,56,82.5,73.5,52.5,2,62.5,11,75
2023-04-11 23:55:11,BTC,1 Day,30177.1,74,71.5,69.5,57.5,97,78,27,1,17,14,83
2023-04-12 23:54:23,BTC,1 Day,29903.4,75,68,79,59,95.5,67.5,76.5,7,66.5,14,88
2023-04-13 23:54:43,BTC,1 Day,30316.6,64,70,80,59.5,84.5,72.5,4.5,12,9.5,78,88
2023-04-14 23:55:00,BTC,1 Day,30429.9,61,70.5,79.5,59.5,68,61,17.5,11,27.5,10.5,86
2023-04-15 23:55:02,BTC,1 Day,30271.1,64,68.5,73,60.5,65.5,67.5,74.5,10.5,79.5,54.5,82.5
2023-04-16 23:54:53,BTC,1 Day,30361.2,61,69,60.5,58.5,54,70,26.5,37,21.5,36.5,81.5
2023-04-17 23:55:25,BTC,1 Day,29459.2,48,59,41.5,42.5,24.5,59,50.5,40.5,45.5,65,76.5
2023-04-18 23:55:16,BTC,1 Day,30385.7,65,65,37.5,42,44,73.5,88,32.5,98,29,74.5
2023-04-19 23:54:34,BTC,1 Day,29113.4,38,53.5,37.5,41,17.5,55.5,30,6.5,40,5,53
2023-04-20 23:54:37,BTC,1 Day,28215.8,32,47.5,29.5,39,12.5,42,44.5,11,54.5,17.5,64
2023-04-21 23:54:37,BTC,1 Day,27270,23,42,23,38.5,1,40,44.5,26,34.5,50,59.5
2023-04-22 23:54:07,BTC,1 Day,27654.7,26,45,14,38,6,54.5,6.5,26,16.5,38,62.5
2023-04-23 23:54:21,BTC,1 Day,27514.5,29,44,16,40,15,45.5,12,21,7,47,52
2023-04-24 23:54:39,BTC,1 Day,27407.4,34,43.5,16,41.5,45,47.5,11,5,1,15,54.5
2023-04-25 23:54:35,BTC,1 Day,28269.2,48,50,67,58.5,62,53,41.5,4,31.5,12.5,64
2023-04-26 23:54:43,BTC,1 Day,28303.3,50,50,63.5,58.5,74,55,6,18.5,16,36.5,54.5
2023-04-27 23:54:12,BTC,1 Day,29630.2,72,58.5,64.5,63,96,76.5,60,13,50,8,88
2023-04-28 23:55:07,BTC,1 Day,29319.7,62,56.5,72,64.5,89.5,69.5,20.5,2.5,15.5,6,77.5
2023-04-29 23:55:26,BTC,1 Day,29217.8,63,55.5,75,62.5,84.5,72.5,46,3.5,36,68,78
2023-04-30 23:55:07,BTC,1 Day,29426.8,54,57,73.5,59.5,59.5,72,45.5,2.5,40.5,4.5,84
2023-05-01 23:54:58,BTC,1 Day,27975.8,31,46,34.5,41.5,17,37,10.5,3.5,5.5,50,61
2023-05-02 23:55:22,BTC,1 Day,28659,40,51,32.5,40.5,24,55,51.5,4,56.5,39.5,69
2023-05-03 23:55:39,BTC,1 Day,28983,42,53,33.5,41,33.5,74.5,16,4,6,9,78
2023-05-04 23:54:53,BTC,1 Day,28836.8,54,52,65,59.5,68,62,62.5,17,72.5,62,59
2023-05-05 23:54:50,BTC,1 Day,29491.1,64,56.5,64,59,77,72,88.5,24.5,93.5,39,84
2023-05-06 23:54:52,BTC,1 Day,28764.4,44,50.5,66,59,52.5,40.5,19,24.5,14,78.5,64.5
2023-05-07 23:54:34,BTC,1 Day,28784.1,51,51,65,59,50.5,51,80,5.5,85,19,60.5
2023-05-08 23:54:58,BTC,1 Day,27557.9,27,42.5,37.5,42,6,30.5,60.5,7,65.5,32,41.5
2023-05-09 23:54:45,BTC,1 Day,27623.7,32,43,30.5,41,9,39.5,79,30.5,74,5,47.5
2023-05-10 23:55:10,BTC,1 Day,27517.4,28,42,27.5,42,13,37,1,34,9.5,43.5,41.5
2023-05-11 23:55:00,BTC,1 Day,26996.3,29,38.5,25.5,41,21,39.5,10.5,6,15.5,18,35
2023-05-12 23:55:16,BTC,1 Day,26795.8,29,37.5,29,41.5,19.5,35,37,8.5,27,17,29
2023-05-13 23:55:29,BTC,1 Day,26892.7,29,38.5,31.5,40.5,21.5,37,10.5,6.5,15.5,34,25
2023-05-14 23:55:34,BTC,1 Day,26900.2,40,39,35.5,42.5,37.5,41.5,75,3,80,55,28.5
2023-05-15 23:55:19,BTC,1 Day,27370.8,46,44,63.5,56.5,63,42.5,40,32.5,45,25,31
2023-05-16 23:55:23,BTC,1 Day,27026.3,35,40.5,61,56.5,60.5,39.5,6,4,1,22.5,33.5
2023-05-17 23:55:12,BTC,1 Day,27380,44,44.5,58,56.5,67,51,26.5,3,21.5,1,54.5
2023-05-18 23:55:30,BTC,1 Day,26931.4,33,41,40.5,43.5,48.5,37.5,16,4,6,26,49.5
2023-05-19 23:56:06,BTC,1 Day,26870.1,40,40.5,40,43,44,37.5,51.5,33,41.5,57.5,67.5
2023-05-20 23:56:25,BTC,1 Day,27033,42,42.5,40.5,43.5,36,45,71,31.5,61,83,65
2023-05-21 23:56:17,BTC,1 Day,26765.4,48,40.5,40.5,44.5,45,37.5,88.5,33.5,98.5,49.5,60
2023-05-22 23:56:37,BTC,1 Day,26898.5,45,42.5,40,44.5,48.5,41.5,86,21,76,17.5,61.5
2023-05-23 23:56:31,BTC,1 Day,27202.2,43,46,60,55.5,52.5,53,34.5,6.5,39.5,50.5,67.5
2023-05-24 23:55:17,BTC,1 Day,26353.7,41,38.5,41,44,39,27,80,6,90,8,43.5
2023-05-25 23:55:17,BTC,1 Day,26466,37,40,38.5,43.5,35.5,29,59,6.5,64,74.5,52
2023-05-26 23:54:58,BTC,1 Day,26741.1,45,43.5,37.5,43.5,31,43.5,97,7,92,81.5,61
2023-05-27 23:55:05,BTC,1 Day,26746.2,42,43.5,62,56.5,56.5,41.5,60.5,6.5,65.5,81,68.5
2023-05-28 23:55:28,BTC,1 Day,27835.2,65,55,62,55.5,86.5,79.5,66,19,76,70.5,65.5
2023-05-29 23:55:31,BTC,1 Day,27678.7,65,53,70.5,56.5,87.5,70,84,8,79,83,64
2023-05-30 23:55:36,BTC,1 Day,27722.8,63,53.5,73,56.5,85.5,63.5,33.5,37.5,38.5,64,64
2023-05-31 23:56:19,BTC,1 Day,27080.6,41,47,28.5,43.5,32.5,38.5,71.5,5,61.5,19.5,41
2023-06-01 23:55:45,BTC,1 Day,26901.6,37,45.5,32,43,23,35,65.5,8,70.5,73.5,50
2023-06-02 23:55:30,BTC,1 Day,27233.7,41,49,33,43,26,60.5,24.5,45,19.5,68,43.5
2023-06-03 23:55:27,BTC,1 Day,26994,42,46.5,34.5,43.5,36,44,14.5,45.5,19.5,70.5,47
2023-06-04 23:55:40,BTC,1 Day,27194.5,56,48.5,63,56,58.5,61,93,45,83,76.5,41.5
2023-06-05 23:55:42,BTC,1 Day,25626.2,27,36,39,44.5,11.5,27,35,47.5,25,50.5,54.5
2023-06-06 23:55:40,BTC,1 Day,27082.1,38,49,30.5,43,38.5,62.5,1,8.5,5,51,48
2023-06-07 23:55:28,BTC,1 Day,26319.7,38,44,28,34.5,35.5,29,19.5,45.5,9.5,51,51.5
2023-06-08 23:55:11,BTC,1 Day,26575,47,46,73,66,60,35,48,26,58,66,53.5
2023-06-09 23:56:01,BTC,1 Day,26479.6,42,45.5,27.5,35,40,31,59,26.5,64,3,47.5
2023-06-10 23:55:00,BTC,1 Day,25748.2,36,40.5,28.5,35.5,39.5,33.5,12.5,29.5,22.5,65,59
2023-06-11 23:54:21,BTC,1 Day,26040,40,43,28.5,34.5,39,38,32.5,31,37.5,66,59
2023-06-12 23:54:35,BTC,1 Day,25911.4,37,41.5,29,35,38,27,18.5,28,23.5,16,47.5
2023-06-13 23:54:33,BTC,1 Day,25875.9,41,41.5,32,35.5,46.5,35.5,58,28,68,43.5,36
2023-06-14 23:54:25,BTC,1 Day,25065.7,32,35.5,32,35.5,36,23.5,6.5,33.5,16.5,1,39
2023-06-15 23:54:15,BTC,1 Day,25576.4,38,41,30,35,41.5,34,18.5,29,28.5,13,54
2023-06-16 23:54:20,BTC,1 Day,26288,47,48,68,65,52.5,46.5,56.5,24.5,51.5,88.5,65
2023-06-17 23:54:26,BTC,1 Day,26537.9,55,50,69.5,65,72,63,47,23.5,42,62,67.5
2023-06-18 23:54:56,BTC,1 Day,26430.5,53,49,71,64.5,69.5,56.5,53.5,23.5,43.5,51,68.5
2023-06-19 23:54:34,BTC,1 Day,26744.6,57,52,71.5,64,62.5,71,91,21.5,81,1,75
2023-06-20 23:54:54,BTC,1 Day,28128.9,67,62,73.5,64.5,77,81,86.5,13.5,91.5,1,66
2023-06-21 23:55:17,BTC,1 Day,29851.9,78,70,78,65.5,94.5,78.5,95,7.5,90,43.5,62.5
2023-06-22 23:55:04,BTC,1 Day,30071,77,71,87,68,96.5,76.5,56.5,7.5,61.5,36.5,67
2023-06-23 23:53:54,BTC,1 Day,30664.8,76,72.5,89.5,67.5,93,70,55,5.5,50,51,82
2023-06-24 23:54:41,BTC,1 Day,30530,65,71,91,68,74.5,70,32,6.5,22,55.5,85.5
2023-06-25 23:54:55,BTC,1 Day,30438.8,69,70,87,67,66,65.5,95,6.5,99,42.5,72
2023-06-26 23:54:30,BTC,1 Day,30181.6,56,67.5,22.5,34,46,63.5,45,7.5,50,27.5,64
2023-06-27 23:54:36,BTC,1 Day,30689.7,63,70.5,68,66,52,74.5,55,5,50,50,72
2023-06-28 23:55:02,BTC,1 Day,30144,55,64.5,32,34,44.5,66,53.5,5,43.5,19,63.5
2023-06-29 23:54:59,BTC,1 Day,30412.8,64,66,67,65.5,51,72,93.5,4,83.5,45.5,74
2023-06-30 23:54:29,BTC,1 Day,30444.9,54,66,33.5,34.5,46,72,25.5,4.5,15.5,27,64.5
2023-07-01 23:54:12,BTC,1 Day,30584.2,61,67,66.5,67.5,57.5,74,75.5,4.5,70.5,79,66.5
2023-07-02 23:54:22,BTC,1 Day,30566.9,63,66.5,67,66,54,76.5,76,4.5,86,59.5,74
2023-07-03 23:53:58,BTC,1 Day,31050,62,69.5,66.5,65,61,76.5,40,4,45,35.5,59
2023-07-04 23:53:54,BTC,1 Day,30803.8,60,65.5,69,65.5,57,68,60,8.5,50,1,51.5
2023-07-05 23:54:00,BTC,1 Day,30447,55,61.5,32.5,35,49.5,62.5,55,9.5,50,50,56
2023-07-06 23:53:45,BTC,1 Day,30224.7,49,59,32.5,35,35,54,55,10,50,46.5,72
2023-07-07 23:54:17,BTC,1 Day,30323.6,49,59,30,33.5,37,62,40,10.5,50,8,72
2023-07-08 23:53:53,BTC,1 Day,30177.7,56,57,30,34.5,40,63,97,11,87,73.5,66.5
2023-07-09 23:53:58,BTC,1 Day,30148.8,52,57,70.5,64.5,52,54.5,40,9,50,84,72
2023-07-10 23:53:52,BTC,1 Day,30629.5,57,61,68,64,55.5,74,60,7,50,72,50
2023-07-11 23:53:50,BTC,1 Day,30525.8,56,60,67,64.5,55,69.5,55,7.5,50,26.5,62
2023-07-12 23:54:36,BTC,1 Day,30369.7,56,57.5,67,64.5,55.5,54,77.5,9.5,82.5,1,51.5
2023-07-13 23:53:56,BTC,1 Day,31270.8,61,65,66,65,66,76.5,55,7,50,43,61.5
2023-07-14 23:54:16,BTC,1 Day,30216.5,51,53,29,34,48.5,46.5,87,10,82,11.5,83
2023-07-15 23:54:04,BTC,1 Day,30303,48,54,29,33,49.5,53,60,10,50,67.5,83
2023-07-16 23:53:36,BTC,1 Day,30294.5,45,54,29,34.5,29.5,51,67,10,57,78.5,83
2023-07-17 23:53:53,BTC,1 Day,30230.8,52,53,29,35.5,42.5,46.5,82.5,11,92.5,61,79
2023-07-18 23:53:45,BTC,1 Day,29775.1,42,48.5,28.5,35.5,37.5,38.5,45,12,50,12.5,75
2023-07-19 23:53:54,BTC,1 Day,29925.2,45,50,27,35.5,42,54,45,11.5,50,15,74.5
2023-07-20 23:54:05,BTC,1 Day,29832.6,44,49,33.5,35.5,42,43,60,12.5,50,21.5,81.5
2023-07-21 23:54:08,BTC,1 Day,29924.5,46,50,33.5,35.5,48.5,49,45,14.5,50,9,75
2023-07-22 23:54:17,BTC,1 Day,29827.1,46,49,34,35.5,48,51.5,60,15,50,57.5,77.5
2023-07-23 23:53:49,BTC,1 Day,29967.5,48,51,65.5,64,52.5,51,55,14.5,45,59,82.5
2023-07-24 23:54:26,BTC,1 Day,29162.6,48,42,35,36,38,39,89,23.5,99,36.5,65.5
2023-07-25 23:54:50,BTC,1 Day,29220,48,42.5,31.5,35.5,37,41.5,95,23.5,99,44,69
2023-07-26 23:54:07,BTC,1 Day,29509.6,46,46.5,30,36,35,51.5,84.5,22,74.5,10,73.5
2023-07-27 23:53:54,BTC,1 Day,29196.1,50,43,30,35.5,45,41,99,24,99,40.5,65.5
2023-07-28 23:53:50,BTC,1 Day,29313.5,43,44.5,30,36,50,49.5,55.5,23,65.5,14,65
2023-07-29 23:53:49,BTC,1 Day,29351.4,49,45,69.5,64,50.5,51.5,77.5,23,87.5,57,57.5
2023-07-30 23:53:45,BTC,1 Day,29230,50,43.5,64.5,63.5,50.5,41.5,98,22.5,88,8,62
2023-07-31 23:53:56,BTC,1 Day,29218.6,41,43,35.5,36.5,48.5,35,50.5,20,60.5,1,57.5
2023-08-01 23:53:36,BTC,1 Day,29205.3,43,43,35.5,36.5,47,37,72,20,62,3.5,68
2023-08-02 23:53:40,BTC,1 Day,29192.8,44,44,66.5,64.5,50,35,68,20.5,73,43,70
2023-08-03 23:53:31,BTC,1 Day,29277.1,45,45.5,66.5,65,51.5,37,68,20,63,14.5,73
2023-08-04 23:53:35,BTC,1 Day,29084,41,42.5,33,35,38.5,47,51.5,21.5,61.5,50.5,76.5
2023-08-05 23:53:36,BTC,1 Day,29075.6,39,42.5,33,35.5,45,50.5,14.5,21.5,24.5,41.5,75.5
2023-08-06 23:53:41,BTC,1 Day,29077.7,39,42.5,32.5,36,45.5,39.5,22.5,21,32.5,41,69
2023-08-07 23:50:22,BTC,1 Day,29199.3,42,45,67.5,63.5,50.5,74.5,9,21,14,18,74.5
2023-08-08 23:54:11,BTC,1 Day,29888.5,54,56.5,64.5,64,65,81,25,18,20,29.5,61.5
2023-08-09 23:56:54,BTC,1 Day,29493.6,46,50,68.5,65,61.5,68,14.5,19.5,4.5,25,84
2023-08-10 23:54:06,BTC,1 Day,29466.1,50,49.5,69,65,59,66.5,33.5,20,38.5,8,58
2023-08-11 23:53:41,BTC,1 Day,29409.7,41,48.5,31.5,35,46,71,1,20.5,7.5,23.5,75
2023-08-12 23:53:47,BTC,1 Day,29415.9,41,49,32,35.5,45.5,49.5,17,20.5,7,58.5,75.5
2023-08-13 23:54:01,BTC,1 Day,29370.4,44,48,33,36,46.5,41.5,50,20.5,45,68,69.5
2023-08-14 23:53:49,BTC,1 Day,29404.8,46,49,33.5,36.5,48.5,66,34.5,20.5,29.5,9.5,70
2023-08-15 23:54:06,BTC,1 Day,29230,38,45.5,34.5,36,46,32.5,11,21.5,6,27,74
2023-08-16 23:54:09,BTC,1 Day,28921.5,34,40.5,34.5,35.5,41.5,33,1,23,5,9,76
2023-08-17 23:53:53,BTC,1 Day,26052.5,15,19,31.5,35.5,5,21.5,15.5,30,10.5,1,83.5
2023-08-18 23:54:10,BTC,1 Day,26067.7,14,18.5,16,33,3,23.5,27.5,38.5,17.5,2.5,54.5
2023-08-19 23:53:57,BTC,1 Day,26087.1,13,19,10,32.5,3.5,37,1,38.5,2.5,40.5,51
2023-08-20 23:53:54,BTC,1 Day,26186.3,21,21,8.5,33.5,22,30,18.5,38,8.5,19.5,53.5
2023-08-21 23:54:05,BTC,1 Day,26194.8,26,21,11,34.5,43.5,25.5,53,38,43,14.5,54
2023-08-22 23:54:12,BTC,1 Day,25675.3,29,18.5,17,35,41.5,30,78,41.5,73,24.5,57
2023-08-23 23:54:14,BTC,1 Day,26265,33,24.5,67.5,65,51.5,39,64.5,35.5,74.5,3,20
2023-08-24 23:54:03,BTC,1 Day,26093.2,41,25.5,66.5,65.5,50.5,25.5,99,38.5,99,22.5,38
2023-08-25 23:54:17,BTC,1 Day,26064.5,36,25,66,65,51,26.5,78.5,39,88.5,19,34
2023-08-26 23:54:22,BTC,1 Day,26042.9,39,25,33.5,35,42.5,26.5,99,39,90.5,33,48.5
2023-08-27 23:54:01,BTC,1 Day,26071.9,39,26,33.5,35.5,45.5,34.5,97.5,38.5,87.5,50.5,43.5
2023-08-28 23:54:15,BTC,1 Day,25986.9,37,26,33.5,36,47,29,85.5,39,90.5,18,44
2023-08-29 23:54:03,BTC,1 Day,27635,64,51.5,66.5,64,78.5,60,99,29.5,96.5,21,55.5
2023-08-30 23:54:06,BTC,1 Day,27278.6,59,47.5,76,65.5,79,41,78,31.5,88,21.5,51
2023-08-31 23:54:12,BTC,1 Day,26009.4,49,37,78,65.5,59,22,99,39.5,95.5,5.5,64
2023-09-01 23:54:35,BTC,1 Day,25765.1,36,35.5,22,34,19,26.5,96.5,40.5,91.5,26,68.5
2023-09-02 23:54:23,BTC,1 Day,25848.7,35,36,21,34,16.5,29,93.5,40,83.5,27.5,62.5
2023-09-03 23:54:18,BTC,1 Day,25963.4,46,37.5,20.5,35,37.5,32.5,99,39,97,42.5,74
2023-09-04 23:54:28,BTC,1 Day,25705,42,35.5,20.5,35.5,44.5,30,93,41,83,52,73
2023-09-05 23:54:22,BTC,1 Day,25735,40,35.5,25.5,35.5,47.5,30,73,40.5,83,2.5,69
2023-09-06 23:54:29,BTC,1 Day,25743.9,46,36,34.5,36,45.5,30,99,41,90.5,6,65.5
2023-09-07 23:54:31,BTC,1 Day,26201.7,49,42.5,65.5,64.5,56,40,89,37.5,84,13,58
2023-09-08 23:54:13,BTC,1 Day,25912.3,42,40,67.5,64.5,54,26.5,58.5,39.5,68.5,39,54.5
2023-09-09 23:53:52,BTC,1 Day,25875.4,43,39.5,67,64.5,54,31,72.5,40,62.5,47.5,52
2023-09-10 23:53:49,BTC,1 Day,25866.1,39,39.5,32.5,36,43.5,31,41.5,40,51.5,57,67.5
2023-09-11 23:53:51,BTC,1 Day,25143.3,35,32.5,32.5,36,33.5,26.5,59.5,44.5,69.5,57.5,61.5
2023-09-12 23:53:31,BTC,1 Day,26094.4,48,46,29.5,35.5,48.5,44.5,83,38.5,73,2.5,52
2023-09-13 23:54:00,BTC,1 Day,26226.8,56,47.5,70.5,65.5,55,49,99,37.5,94.5,25,55.5
2023-09-14 23:53:49,BTC,1 Day,26527.7,60,51,70.5,65.5,76.5,54.5,82.5,35.5,77.5,32,48
2023-09-15 23:54:10,BTC,1 Day,26465,53,50.5,72.5,65.5,70,45.5,34.5,36.5,24.5,49,50
2023-09-16 23:53:59,BTC,1 Day,26569.5,46,51.5,74,65,65,42,1,36,8.5,34.5,55.5
2023-09-17 23:54:33,BTC,1 Day,26474.7,49,50,74.5,64.5,53,46.5,36,36,31,48.5,47.5
2023-09-18 23:54:46,BTC,1 Day,26804.5,45,54.5,69.5,64.5,55,54.5,10.5,17,1,20.5,64.5
2023-09-19 23:55:02,BTC,1 Day,27166.4,48,58.5,67,65,63,64.5,1,15,1,13.5,61.5
2023-09-20 23:54:41,BTC,1 Day,27125,48,58,69,65,66.5,55.5,1,15,1.5,1,53
2023-09-21 23:55:31,BTC,1 Day,26577.6,39,50,69.5,65,51.5,40.5,1,17.5,2,39,78.5
2023-09-22 23:55:01,BTC,1 Day,26560.8,37,49.5,30.5,34.5,37,37.5,1,18,1,57,53.5
2023-09-23 23:54:54,BTC,1 Day,26568.8,39,50,30.5,35,34.5,37.5,14,17.5,4,64.5,63
2023-09-24 23:55:36,BTC,1 Day,26521.7,41,49,30.5,35.5,44,40,19.5,18.5,9.5,57.5,59.5
2023-09-25 23:55:35,BTC,1 Day,26276.7,38,46,29,35.5,40,33.5,19.5,19.5,9.5,3,71
2023-09-26 23:55:28,BTC,1 Day,26172.3,35,44.5,30,35.5,39,30,2,20,7,1,69
2023-09-27 23:55:23,BTC,1 Day,26276.2,38,46,33,35.5,47.5,34.5,14.5,19.5,9.5,21.5,67.5
2023-09-29 23:55:21,BTC,1 Day,26882.8,50,55,70,65.5,68.5,54.5,8,16,13,51.5,80
2023-09-30 23:55:22,BTC,1 Day,26988.1,51,56.5,71,65.5,69,61,3.5,15.5,13.5,74.5,88
2023-10-01 23:55:45,BTC,1 Day,27144.9,51,58.5,71,65,58.5,64.5,9,15.5,19,56.5,86
2023-10-02 23:55:07,BTC,1 Day,27311,53,57,76.5,65,66,59,26,15.5,16,47.5,48.5
2023-10-03 23:55:38,BTC,1 Day,27404.8,54,58,75,66,66,61,19,17,24,62,69.5
2023-10-04 23:55:21,BTC,1 Day,27691.9,53,61,27.5,34.5,48,68,30.5,16,25.5,20,72.5
2023-10-05 23:54:48,BTC,1 Day,27462.7,50,57,27.5,34.5,49.5,61,26,17,31,31,82.5
2023-10-06 23:54:58,BTC,1 Day,28109.9,57,63,71,65.5,63.5,71,20,12,30,27,76
2023-10-07 23:54:53,BTC,1 Day,27931.9,57,61.5,69,66,56,66.5,35,13.5,45,70.5,68
2023-10-08 23:54:59,BTC,1 Day,27959.7,57,62,69,65,64.5,66.5,44.5,13.5,34.5,52,58.5
2023-10-09 23:55:58,BTC,1 Day,27606.7,50,56.5,31,35,46.5,60,30,11.5,35,61.5,43.5
2023-10-10 23:54:47,BTC,1 Day,27450.3,44,54,32,34.5,38.5,59,11.5,13,16.5,12.5,39
2023-10-11 23:54:38,BTC,1 Day,26687.3,32,44.5,31,35,21.5,21,18,14.5,28,47.5,52
2023-10-12 23:54:17,BTC,1 Day,26738,36,45,27.5,34.5,25,30,30,15,40,44.5,39.5
2023-10-13 23:55:44,BTC,1 Day,27011.9,41,48.5,25.5,35,33.5,35.5,31,14.5,41,20,37.5
2023-10-14 23:54:35,BTC,1 Day,26822.5,38,46,26.5,35,43,29,10.5,15,20.5,52,35.5
2023-10-15 23:54:52,BTC,1 Day,27179.6,50,51.5,71,64.5,57.5,53.5,65.5,14,55.5,54.5,38
2023-10-16 23:54:55,BTC,1 Day,28416.3,67,64.5,68.5,64.5,82.5,82.5,56,10,51,68,66.5
2023-10-17 23:54:56,BTC,1 Day,28483.1,65,65,78,66.5,88.5,71,19,9.5,9,49,69.5
2023-10-18 23:54:53,BTC,1 Day,28279,67,62,81,66.5,84.5,70,58,10.5,48,29,73
2023-10-19 23:54:42,BTC,1 Day,28636.4,62,65.5,80.5,66,65,72.5,60,8,50,30,70
2023-10-20 23:54:29,BTC,1 Day,29603.2,73,72.5,80.5,66.5,79,78,99,6.5,98.5,10,66.5
2023-10-21 23:54:20,BTC,1 Day,30016.6,77,74.5,81,67,88,75.5,99,5.5,94.5,43,75
2023-10-22 23:54:47,BTC,1 Day,29804.1,72,72.5,78.5,66.5,83.5,67.5,47.5,27,52.5,51.5,87
2023-10-23 23:56:02,BTC,1 Day,31629.5,82,81.5,80.5,66,92,78,99,15,94,25,78
2023-10-24 23:54:22,BTC,1 Day,34052.8,87,87,95.5,68.5,99,73.5,88.5,8.5,93.5,55,83.5
2023-10-25 23:54:24,BTC,1 Day,34542.1,88,88,99,71,99,75.5,85,7,95,8.5,71
2023-10-26 23:54:21,BTC,1 Day,34114.4,81,83.5,99,70.5,95,63,27,20.5,32,56,84
2023-10-27 23:54:39,BTC,1 Day,33828.5,76,80,98.5,69.5,69,63,99,22,98.5,44,89.5
2023-10-28 23:54:53,BTC,1 Day,34183.4,69,81.5,4,31.5,46,70,90,20.5,99,70.5,55.5
2023-10-29 23:54:43,BTC,1 Day,34705,75,83,74,67.5,60,72.5,95.5,19,90.5,49,68.5
2023-10-30 23:54:52,BTC,1 Day,34478.9,74,82,69,66.5,64.5,65.5,99,20,90.5,16,67
2023-10-31 23:54:37,BTC,1 Day,34578.6,72,82,69,67,66.5,70,61.5,19.5,51.5,64,73
2023-11-01 23:54:31,BTC,1 Day,35214,71,84,69.5,67,71,78,25,17.5,30,36,46
2023-11-02 23:54:20,BTC,1 Day,34780.9,68,76.5,75.5,67.5,64.5,63,45.5,18.5,55.5,69.5,40.5
2023-11-03 23:54:11,BTC,1 Day,34614.7,72,74,73.5,68,55.5,67.5,99,19.5,99,52,44
2023-11-04 23:54:20,BTC,1 Day,35136.4,65,77,29,32,45.5,70,47,18.5,57,70,53.5
2023-11-05 23:54:28,BTC,1 Day,34860.7,63,74,29.5,33,46,70,47,19,42,33,26
2023-11-06 23:54:32,BTC,1 Day,35113.2,68,76.5,69.5,66.5,58.5,73.5,60,18,50,28,29.5
2023-11-07 23:53:56,BTC,1 Day,35377.2,69,78,68,66.5,60,73.5,53.5,17.5,48.5,20.5,30.5
2023-11-08 23:58:39,BTC,1 Day,35788.5,69,79.5,68,67,70.5,69,31.5,16.5,41.5,16,38.5
2023-11-09 23:58:29,BTC,1 Day,36551.2,77,82.5,70.5,67,84.5,75.5,52.5,14,57.5,16,32
2023-11-10 23:54:31,BTC,1 Day,37365.4,82,84.5,78.5,69,93,78,48,12,53,1,71
2023-11-11 23:54:37,BTC,1 Day,36904.3,77,79,85,69,89,65.5,52,13.5,42,43,58.5
2023-11-12 23:54:36,BTC,1 Day,37146,72,82,85.5,68,75,67.5,31,13,41,28,67.5
2023-11-13 23:54:33,BTC,1 Day,36549.3,64,73.5,17.5,33,40,61,99,14.5,96.5,19.5,46.5
2023-11-14 23:54:08,BTC,1 Day,35586.9,46,62,22.5,33,15.5,59,94,30.5,84,12,16.5
2023-11-15 23:54:15,BTC,1 Day,37711.1,68,72,78,67.5,52,75.5,78,22,68,31,95
2023-11-16 23:54:35,BTC,1 Day,36254.7,51,60,18.5,31.5,45,61,32,27,37,13,74
2023-11-17 23:54:40,BTC,1 Day,36535,63,61,82,68.5,72,69,59,26.5,69,54.5,84
2023-11-18 23:55:17,BTC,1 Day,36511.1,47,60.5,18.5,31.5,26.5,62,60.5,26.5,65.5,63.5,84
2023-11-19 23:54:49,BTC,1 Day,36951.5,61,63,81,67,63,69,48,25,58,20,97.5
2023-11-20 23:54:47,BTC,1 Day,37417.7,63,65,82.5,66.5,71,69,48,23,38,6.5,96
2023-11-21 23:54:36,BTC,1 Day,36459.4,56,57.5,78,67,57,59,67,27.5,62,60,95.5
2023-11-22 23:55:16,BTC,1 Day,37463.8,52,61,21.5,32,49.5,73.5,26,22.5,31,13,78
2023-11-23 23:55:18,BTC,1 Day,37260.9,51,59.5,21,32,43.5,73.5,24.5,23,34.5,24.5,78
2023-11-24 23:54:23,BTC,1 Day,37698,66,61.5,79,67.5,86.5,73.5,26,21.5,21,48,79
2023-11-25 23:54:35,BTC,1 Day,37738.6,57,62,79.5,68,69,63,27,21.5,17,86,77
2023-11-26 23:55:09,BTC,1 Day,37656.6,61,61,80.5,67,66.5,70,60.5,22,50.5,55.5,77
2023-11-27 23:55:15,BTC,1 Day,37068,44,56.5,19.5,33.5,37.5,59,4.5,24,14.5,35.5,73.5
2023-11-28 23:55:21,BTC,1 Day,37861.1,55,61,32,33.5,49.5,75.5,35,24,30,59,57
2023-11-29 23:54:57,BTC,1 Day,37790.6,54,61,69,67,56.5,69,19.5,24.5,24.5,1,57.5
2023-11-30 23:54:44,BTC,1 Day,37760,59,60.5,68.5,67.5,64.5,63,63.5,25,58.5,29.5,58.5
2023-12-01 23:54:19,BTC,1 Day,38700.1,57,65,68.5,67,73.5,75.5,2.5,22,12.5,65,64
2023-12-02 23:54:55,BTC,1 Day,39337.5,65,68,74.5,67.5,85,66.5,15,20,10,69.5,78.5
2023-12-03 23:55:55,BTC,1 Day,39985.4,70,71,82,67.5,95,75.5,1,18,10.5,41.5,86
2023-12-04 23:54:41,BTC,1 Day,41900.8,81,77,85.5,67.5,99,75.5,41,13,51,51,92.5
2023-12-05 23:54:38,BTC,1 Day,44353.4,84,82,95.5,70,99,80,61,9,71,45.5,86.5
2023-12-06 23:54:44,BTC,1 Day,43649.3,82,78.5,99,71,99,61,69,10,79,48,82
2023-12-07 23:54:27,BTC,1 Day,43170,78,74.5,99,71,95,63,30,25.5,35,21.5,69.5
2023-12-08 23:55:02,BTC,1 Day,44307,77,77.5,98,71,74,74.5,99,22.5,99,16,74.5
2023-12-09 23:54:48,BTC,1 Day,43957.4,74,75.5,95,70.5,59,67.5,95,23.5,99,81.5,71.5
2023-12-10 23:55:19,BTC,1 Day,43807,72,74,81.5,69.5,62,74.5,99,26.5,94.5,70,87
2023-12-11 23:55:16,BTC,1 Day,41329.7,39,57.5,29.5,31.5,6.5,61,90,20,85,75.5,76.5
2023-12-12 23:54:36,BTC,1 Day,41272.5,32,57,13.5,29.5,4,61,64.5,19,69.5,33,71
2023-12-13 23:55:20,BTC,1 Day,43030,45,64,10,30,15.5,75.5,74,15,84,53,94
2023-12-14 23:54:50,BTC,1 Day,43076.1,65,64,90,70,75.5,67.5,58,17,53,48.5,84.5
2023-12-15 23:54:41,BTC,1 Day,42091.6,62,58.5,87,70,70.5,61,75,19.5,85,11,49.5
2023-12-16 23:55:07,BTC,1 Day,42306.9,51,59,15,30.5,46,63.5,45.5,17.5,55.5,39,29
2023-12-17 23:55:01,BTC,1 Day,41769.1,42,56,20.5,31.5,22.5,57.5,54,19,49,50,36
2023-12-18 23:57:38,BTC,1 Day,42493.7,52,58.5,21.5,31.5,50,70,48,17,53,1,81
2023-12-19 23:54:51,BTC,1 Day,42362,56,57.5,77,69,51,75.5,59,17,49,55.5,67
2023-12-20 23:54:42,BTC,1 Day,43539.6,68,62,76,69,89.5,78,26,14.5,36,18,94
2023-12-21 23:55:25,BTC,1 Day,43949.9,69,63.5,80.5,69.5,86,75.5,46.5,14,56.5,48.5,94.5
2023-12-22 23:54:48,BTC,1 Day,43748.7,68,62.5,84,69.5,88,65.5,31,14.5,41,73.5,92.5
2023-12-23 23:54:43,BTC,1 Day,43780.1,61,62,86,69,66.5,63,70.5,14.5,75.5,67,91.5
2023-12-24 23:54:54,BTC,1 Day,42922.5,49,56.5,21,32,35,63,67.5,18.5,72.5,40,80.5
2023-12-25 23:54:34,BTC,1 Day,43698,51,60,22.5,32,39,70,40.5,17.5,30.5,29,92
2023-12-26 23:54:43,BTC,1 Day,42450,38,53,29.5,32,20.5,49,21,20.5,31,19,88
2023-12-27 23:54:39,BTC,1 Day,43422,56,57.5,76,68.5,50.5,72.5,47,18,42,18,99
2023-12-28 23:55:17,BTC,1 Day,42606.8,41,53,25,31.5,29,54.5,20.5,20.5,15.5,36,80.5
2023-12-29 23:57:21,BTC,1 Day,41750,40,48.5,25.5,31,29.5,45.5,28,22.5,33,16,42.5
2023-12-30 23:55:12,BTC,1 Day,42184.1,35,50.5,24,31,20.5,51,6.5,21.5,11.5,72.5,80.5
2023-12-31 23:55:14,BTC,1 Day,42280,42,51,22.5,31.5,34.5,59,17.5,20.5,27.5,1,79
2024-01-01 23:55:04,BTC,1 Day,43467.2,61,57.5,74.5,68,73.5,75.5,79,18,69,71,98
2024-01-02 23:55:15,BTC,1 Day,44962.1,75,63.5,82,68,96.5,73.5,42,19,47,60.5,84
2024-01-03 23:56:22,BTC,1 Day,42726.2,60,51.5,89.5,70,80,49,65,25.5,60,33.5,60.5
2024-01-04 23:56:07,BTC,1 Day,44286.1,54,57.5,89,72,64,72.5,13.5,21,8.5,56.5,85
2024-01-05 23:54:54,BTC,1 Day,43884,44,55.5,11.5,28,29.5,70,32,21.5,27,22.5,87
2024-01-06 23:55:12,BTC,1 Day,43831.3,61,55.5,85,71.5,66,65.5,89.5,14,99,82.5,90
2024-01-07 23:55:37,BTC,1 Day,43944,50,56,21.5,30,50,70,45,13.5,50,75.5,78.5
2024-01-08 23:54:57,BTC,1 Day,46960,74,67,78,69,94,80,40,8.5,50,56.5,99
2024-01-09 23:55:17,BTC,1 Day,46068.2,73,62,91.5,71,93.5,71,60,26.5,50,41,89.5
2024-01-10 23:55:20,BTC,1 Day,46940,77,65,90.5,72.5,98,72.5,45,25,50,17.5,81.5
2024-01-11 23:55:04,BTC,1 Day,46352.7,62,62,92.5,74.5,60,70,55,25.5,50,15,79
2024-01-12 23:54:59,BTC,1 Day,42476.1,26,45.5,9,24,4,42,55,37.5,50,80.5,51.5
2024-01-13 23:54:55,BTC,1 Day,42918.3,25,47,5,23.5,1,49,55,35.5,50,84,36
2024-01-14 23:54:56,BTC,1 Day,42330.2,24,45,3,26,1,39,55,52,50,23,51.5
2024-01-15 23:54:48,BTC,1 Day,42677.6,34,47,2,28,15.5,51,45,49,50,43.5,52
2024-01-16 23:54:58,BTC,1 Day,43261.1,52,49.5,2,28.5,43.5,52.5,95,51,99,16,59.5
2024-01-17 23:56:16,BTC,1 Day,42664,61,47,93.5,71,69.5,46.5,94,51.5,99,9.5,50.5
2024-01-18 23:55:45,BTC,1 Day,41305.2,46,42,26.5,29.5,33,35.5,91.5,55,96.5,43,26
2024-01-19 23:55:27,BTC,1 Day,41668.7,40,43.5,22,29.5,19.5,42.5,90.5,54,80.5,49,31
2024-01-20 23:55:45,BTC,1 Day,41804.3,42,44.5,21.5,29.5,21,43.5,95,53.5,85,82.5,40
2024-01-21 23:55:48,BTC,1 Day,41630,51,43.5,21.5,31,45.5,48,94,53.5,99,60,36
2024-01-22 23:56:08,BTC,1 Day,39870,38,37,21,32,16.5,40,90,59.5,95,20,42.5
2024-01-23 23:55:05,BTC,1 Day,39508,30,36,15,30.5,8,37.5,88,60.5,78,13,58.5
2024-01-24 23:55:27,BTC,1 Day,39851.9,35,37.5,16.5,29.5,9.5,48,94.5,44,99,75.5,53.5
2024-01-25 23:56:03,BTC,1 Day,39949.7,46,38.5,15.5,30,43.5,45.5,94,40.5,99,59.5,56
2024-01-26 23:55:15,BTC,1 Day,41914.6,66,49,83,69.5,84,59,95.5,34,99,48,86
2024-01-27 23:55:29,BTC,1 Day,42173.4,70,50.5,83.5,70,92,62.5,96,33,99,56.5,91
2024-01-28 23:55:35,BTC,1 Day,41789.8,68,48.5,86.5,69,91.5,46.5,96.5,34.5,91.5,60,84
2024-01-29 23:55:55,BTC,1 Day,43151.1,71,55,86.5,68.5,87.5,78,96.5,30,99,49.5,90.5
2024-01-30 23:56:29,BTC,1 Day,43368,70,56,89.5,69,84.5,72.5,96,29,99,21,72.5
2024-01-31 23:55:45,BTC,1 Day,42654.9,62,52,87.5,69,71,63.5,95,32,90,34,80
2024-02-01 23:56:40,BTC,1 Day,42950,56,53.5,24.5,30.5,48.5,72.5,94.5,31,84.5,56.5,71.5
2024-02-02 23:54:57,BTC,1 Day,43164.2,62,54.5,74,69.5,55,70,95.5,30.5,99,71,80
2024-02-03 23:54:58,BTC,1 Day,43048.2,61,54,73,69.5,60.5,70,96,30.5,99,66.5,69.5
2024-02-04 23:55:08,BTC,1 Day,42535.9,54,50.5,31.5,31.5,42,53,96,32,99,52.5,48
2024-02-05 23:54:58,BTC,1 Day,42491.1,51,50.5,31.5,32,34,52.5,95,32.5,90,80.5,48.5
2024-02-06 23:56:40,BTC,1 Day,43189,59,54.5,31,32,49.5,82.5,95.5,30,90.5,15.5,82
2024-02-07 23:55:07,BTC,1 Day,44204,68,60,68,68,79,78,96.5,27,91.5,34.5,64.5
2024-02-08 23:54:55,BTC,1 Day,45330.1,77,65,76.5,69,94.5,71,96.5,24.5,99,19,82.5
2024-02-09 23:55:07,BTC,1 Day,47271.8,82,72,85.5,70,99,75.5,97,19.5,99,62.5,92.5
2024-02-10 23:55:25,BTC,1 Day,47791.1,83,73.5,95.5,72,99,73.5,96,18.5,99,65,90.5
2024-02-11 23:56:38,BTC,1 Day,48129.3,83,74.5,97.5,71,98.5,67.5,97,17.5,99,83.5,71
2024-02-12 23:55:36,BTC,1 Day,49955.6,84,78.5,97,70.5,98,75.5,96.5,14,91.5,20.5,98
2024-02-13 23:55:40,BTC,1 Day,49508.3,81,75.5,97,72,93.5,63,96,15,99,50.5,99
2024-02-14 23:55:20,BTC,1 Day,51734.4,85,81,94.5,73,98.5,80,97,11,99,80,99
2024-02-15 23:55:01,BTC,1 Day,51583.7,83,79.5,94,74,93,61,96.5,40.5,99,18.5,99
2024-02-16 23:55:04,BTC,1 Day,51992.7,85,81.5,94,74,95.5,70,96,40,91,34,99
2024-02-17 23:56:46,BTC,1 Day,51677.2,76,78,92,73.5,66.5,63,95,40.5,99,33.5,99
2024-02-18 23:55:31,BTC,1 Day,52253.6,75,79,84.5,72,63.5,70,96,39,86,29,99
2024-02-19 23:55:22,BTC,1 Day,51999.2,71,77.5,18,29,48.5,65.5,96,40,99,51.5,99
2024-02-20 23:56:02,BTC,1 Day,52284.9,73,77,67,70.5,61.5,73.5,95.5,39.5,90.5,1,99
2024-02-21 23:56:05,BTC,1 Day,51429,65,70.5,32,28,38.5,60,94.5,41.5,99,33,99
2024-02-22 23:56:33,BTC,1 Day,51499,66,70.5,32,28,44.5,62,96,41.5,86,48,99
2024-02-23 23:56:27,BTC,1 Day,50788.9,53,65,30,28,20.5,59,96,43,99,70,98.5
2024-02-24 23:56:48,BTC,1 Day,51584.8,62,68,25.5,28.5,35,65.5,95.5,41,99,72,99
2024-02-25 23:56:49,BTC,1 Day,51683.2,70,68.5,73.5,70,52,70,97,40.5,92,40.5,99
2024-02-26 23:57:35,BTC,1 Day,54667.4,84,77,73.5,69.5,97.5,78,96,47.5,91,42.5,97
2024-02-27 23:57:34,BTC,1 Day,56919.1,88,81.5,88.5,71.5,99,80,96.5,44.5,99,42.5,51.5
2024-02-28 23:56:50,BTC,1 Day,61282.1,89,86.5,98.5,74,99,75.5,96.5,36,91.5,84.5,62.5
2024-02-29 23:59:34,BTC,1 Day,61241.1,87,81,99,80,99,63,96.5,40.5,86.5,19.5,92
2024-03-01 23:55:31,BTC,1 Day,62382.3,88,82,99,81,99,72.5,96,39.5,91,37,79.5
2024-03-02 23:56:38,BTC,1 Day,61789.8,79,79,99,79.5,80,63,95.5,40.5,90.5,75.5,44.5
2024-03-03 23:55:41,BTC,1 Day,62723.9,82,81,99,76.5,85,72.5,95.5,37.5,99,10,69
2024-03-04 23:57:00,BTC,1 Day,67791.1,89,86,95.5,75,99,80,96.5,35,99,50,89
2024-03-05 23:56:43,BTC,1 Day,63209.4,78,68,97,78.5,91,65.5,95.5,43.5,90.5,34.5,38
2024-03-06 23:55:33,BTC,1 Day,66094.5,83,72.5,97,84.5,96.5,77,95.5,37,99,41.5,62
2024-03-07 23:55:22,BTC,1 Day,67136,64,73.5,3.5,15.5,49.5,70,95.5,35,85.5,57,92.5
2024-03-08 23:59:21,BTC,1 Day,68177.6,83,75,96,82.5,97,73.5,96.5,33,91.5,54,54.5
2024-03-09 23:56:52,BTC,1 Day,68365,81,75,94.5,83,92,67.5,96,45,91,19,66.5
2024-03-10 23:56:17,BTC,1 Day,68316,80,75,91,78.5,88,70,96,44.5,99,8.5,20
2024-03-11 23:57:23,BTC,1 Day,72453.5,85,79.5,92,77.5,98.5,75.5,96,37.5,91,18,99
2024-03-12 23:57:16,BTC,1 Day,71159.1,83,76,93.5,80,96,67.5,95.5,32,99,11,94.5
2024-03-13 23:58:23,BTC,1 Day,72942.2,86,78.5,93,81,98.5,80,96,28.5,99,46,57.5
2024-03-14 23:59:00,BTC,1 Day,71508,72,73,94,80.5,67,63,94.5,31,89.5,68,88.5
2024-03-15 23:57:17,BTC,1 Day,69148,51,65,9,18.5,21.5,71,91.5,36.5,96.5,11,65
2024-03-16 23:57:15,BTC,1 Day,66290.1,35,57,12,15,1,61,92,40.5,87,45,29.5
2024-03-17 23:56:43,BTC,1 Day,68386.8,36,60,2.5,17,1.5,70,91.5,36,81.5,76,75
2024-03-18 23:56:10,BTC,1 Day,67536.5,38,58,3,18.5,6,64.5,93,3.5,98,51,49
2024-03-19 23:56:23,BTC,1 Day,62484,31,47.5,3,19.5,7.5,43,89,1,79,76,22.5
2024-03-20 23:56:03,BTC,1 Day,67561,44,56,1,16.5,22.5,70,91.5,1,96.5,84,94.5
2024-03-21 23:56:12,BTC,1 Day,65371,38,52,3,16,14.5,54.5,94,1,89,40.5,60
2024-03-22 23:56:24,BTC,1 Day,62980,56,48.5,95,82.5,55.5,42,92,1,99,14.5,46.5
2024-03-23 23:56:11,BTC,1 Day,64796,37,51,4,19,15,54.5,93.5,1,83.5,56.5,73.5
2024-03-24 23:56:43,BTC,1 Day,66937.6,60,54.5,94.5,78,58.5,69,94,1,84,51.5,95.5
2024-03-25 23:55:53,BTC,1 Day,70284,77,59.5,93.5,76.5,99,80,95.5,1,99,78.5,98.5
2024-03-26 23:55:25,BTC,1 Day,70222,77,59.5,94.5,77.5,99,73.5,95,1,99,68.5,96.5
2024-03-27 23:56:24,BTC,1 Day,69374.9,74,58,96.5,76.5,95.5,65.5,93,1,99,74.5,54.5
2024-03-28 23:55:23,BTC,1 Day,70836.6,68,60,97,77,81.5,70,94.5,1,84.5,40.5,97.5
2024-03-29 23:56:02,BTC,1 Day,69763.6,61,57.5,95,76.5,55,67.5,93,1,83,44,93
2024-03-30 23:56:00,BTC,1 Day,69727.1,61,57.5,82,74.5,55,63,94,1,99,68.5,89.5
2024-03-31 23:55:37,BTC,1 Day,70801.2,62,59.5,71.5,72.5,50.5,73.5,94,1,99,51,76.5
2024-04-01 23:56:05,BTC,1 Day,69584,54,56,25,28.5,48.5,65.5,86,1,91,12.5,95.5
2024-04-02 23:55:56,BTC,1 Day,65663.9,31,47.5,24.5,27,8.5,42,80,1,75,28,43
2024-04-03 23:57:02,BTC,1 Day,65935.5,29,48.5,8.5,23.5,1,44.5,84,1,89,50,82.5
2024-04-04 23:57:09,BTC,1 Day,67758.6,35,52,6.5,24,8,61,86.5,1,91.5,92,46.5
2024-04-05 23:58:08,BTC,1 Day,67576,57,51.5,93,76,64,52,87,1,92,83,41
2024-04-06 23:58:28,BTC,1 Day,68309,66,53,92.5,75.5,84,72.5,87.5,1,92.5,68,59
2024-04-07 23:56:16,BTC,1 Day,69060.2,62,54.5,87,73.5,73,69,89,1,99,33,54.5
2024-04-08 23:56:58,BTC,1 Day,71636,73,59.5,86.5,72.5,94,75.5,90.5,1,95.5,51,94
2024-04-09 23:57:27,BTC,1 Day,69213.8,59,53.5,89,74.5,70,65.5,86,1,76,5,42.5
2024-04-10 23:56:05,BTC,1 Day,69949.2,60,55,82.5,75,66,65.5,86,1,96,44,34.5
2024-04-11 23:56:33,BTC,1 Day,70180.2,50,55,17,24.5,36,70,89,1,84,75,62
2024-04-12 23:56:53,BTC,1 Day,66815.8,37,47.5,21,25.5,18.5,46.5,82.5,1,72.5,10.5,61
2024-04-13 23:45:12,BTC,1 Day,62318,23,39.5,14.5,23.5,1,33,77.5,1,82.5,13.5,34
2024-04-14 23:56:02,BTC,1 Day,63650.5,23,41.5,4,21,1,35.5,78,1,73,42.5,64
2024-04-15 23:56:58,BTC,1 Day,63256,26,42,5,20.5,2,37.5,83.5,1,93.5,86.5,75.5
2024-04-16 23:56:43,BTC,1 Day,64095.5,38,43.5,3,21,30.5,41,77.5,1,87.5,27,84.5
2024-04-17 23:57:39,BTC,1 Day,61301.5,24,38.5,5.5,21.5,5,35.5,79.5,1,74.5,61.5,53.5
2024-04-18 23:57:01,BTC,1 Day,63584,40,44,10,22,35.5,48,83,1,78,13,82.5
2024-04-19 23:56:29,BTC,1 Day,64277.5,45,46,17,22.5,48.5,45.5,86.5,1,91.5,23,21.5
2024-04-20 23:57:01,BTC,1 Day,64696,62,47,83,79,87.5,44.5,89,1,79,82.5,43.5
2024-04-21 23:56:33,BTC,1 Day,64774.5,57,47,80.5,76,78.5,47.5,88.5,1,47.5,52.5,43.5
2024-04-22 23:56:32,BTC,1 Day,66538,65,51,82.5,74,89,65.5,90.5,1,53,32.5,64
2024-04-23 23:57:15,BTC,1 Day,66313.7,61,50.5,88,73.5,79,60,89.5,1.5,79.5,74.5,53
2024-04-24 23:57:45,BTC,1 Day,64355.2,46,46,82,72.5,53.5,35.5,85,1.5,35.5,61.5,65
2024-04-25 23:57:51,BTC,1 Day,64736,38,47,20,27,25,44.5,79.5,1.5,62.5,33,67
2024-04-26 23:58:47,BTC,1 Day,64072,32,45.5,21.5,27,15.5,35.5,86.5,1.5,53,74.5,62
2024-04-27 23:57:20,BTC,1 Day,63304.3,36,43.5,19.5,27.5,24.5,40,83,2,58,52,56
2024-04-28 23:57:12,BTC,1 Day,63614.3,39,44.5,17,28.5,31,39,88.5,2,58,65.5,54.5
2024-04-29 23:57:36,BTC,1 Day,63027.5,38,43,20,29.5,34,39,79.5,2,66,10.5,51.5
2024-04-30 23:58:40,BTC,1 Day,60225,28,37,29,29,13.5,35.5,79,3,62,75,34
2024-05-01 23:57:13,BTC,1 Day,57941.1,20,33,18,26.5,3,29,76,3,59,25.5,37
2024-05-02 23:57:29,BTC,1 Day,59081.1,21,36,8.5,23,2,34.5,79.5,2.5,56.5,10.5,65
2024-05-03 23:57:13,BTC,1 Day,62532.5,42,46.5,7,23.5,47.5,50,89,2,66.5,46,59.5
2024-05-04 23:58:14,BTC,1 Day,63931,69,50,92,76,96,60,89.5,2,50,17,62
2024-05-05 23:56:59,BTC,1 Day,63764,70,49.5,93,74.5,98,57.5,89,1,53.5,84.5,54
2024-05-06 23:58:24,BTC,1 Day,63549.2,61,49,93,73,82,58,87.5,1,67.5,69.5,67
2024-05-07 23:57:42,BTC,1 Day,63018,42,47.5,6.5,27,49,52.5,85,1,55.5,32,36
2024-05-08 23:57:04,BTC,1 Day,61454.9,30,43.5,13,27.5,17,37.5,79,1,1,5.5,27.5
2024-05-09 23:56:45,BTC,1 Day,62557.2,42,47,22,28,30,50,83.5,1,84.5,34,54.5
2024-05-10 23:56:49,BTC,1 Day,60632.2,39,42.5,22,28,25,41,87.5,1,87,50.5,26.5
2024-05-11 23:56:54,BTC,1 Day,60938,39,43.5,20,27.5,41,41,80.5,1,52,71.5,30.5
2024-05-12 23:57:25,BTC,1 Day,61246.4,38,44.5,21.5,29,24.5,40,84.5,1,83,41,27.5
2024-05-13 23:57:11,BTC,1 Day,62879.4,56,49.5,76,70,69,60,88,1,90.5,32,49
2024-05-14 23:46:46,BTC,1 Day,61783.1,46,46.5,77.5,71,66.5,34.5,85,1,1,18,24
2024-05-15 23:56:48,BTC,1 Day,65923.9,70,57,77,71.5,94,78,89,1,61.5,24.5,82.5
2024-05-16 23:57:54,BTC,1 Day,65438,68,55.5,89.5,73,89,75.5,88.5,1,61.5,48,38
2024-05-17 23:57:05,BTC,1 Day,66826.5,70,58.5,91,73,98,80,89,1,1,69,51
2024-05-18 23:57:15,BTC,1 Day,66880,64,58.5,92.5,72.5,78.5,70,90,1,56.5,1,51.5
2024-05-19 23:57:06,BTC,1 Day,66264.4,57,56.5,91,71,73.5,63,88.5,1,1,41,42
2024-05-20 23:57:06,BTC,1 Day,69264.4,57,56.5,91,71,73.5,63,88.5,1,1,41,42
2024-05-21 23:58:23,BTC,1 Day,69727.6,66,61.5,90.5,73.5,90,63,90.5,1,1,35,65.5
2024-05-22 23:57:52,BTC,1 Day,69514.7,72,60.5,92,75.5,92.5,65.5,90,1,78,30,68.5
2024-05-23 23:56:59,BTC,1 Day,68072.1,41,56.5,11,25.5,26.5,70,86,1,1,4,67.5
2024-05-24 23:56:13,BTC,1 Day,68853.4,46,58,12,25,28.5,74.5,86.5,3,23,66,72
2024-05-25 23:56:00,BTC,1 Day,69076.2,51,58.5,14,26,37.5,73.5,89,3,61.5,80,50
2024-05-26 23:55:11,BTC,1 Day,68452,58,56.5,79.5,72,53.5,74.5,88.5,3.5,83,60,64.5
2024-05-27 23:56:14,BTC,1 Day,69728.6,56,59.5,73.5,71,66,73.5,90,3,1,66.5,73
2024-05-28 23:57:09,BTC,1 Day,68417.6,46,55.5,29,29,43.5,66.5,84,3.5,1,51,57
2024-05-29 23:55:59,BTC,1 Day,67742.5,45,53.5,29,28,39.5,68,85,4,1,46.5,46
2024-05-30 23:55:27,BTC,1 Day,68474,45,55.5,28,28.5,34.5,70,88,3.5,1,79.5,64.5
2024-05-31 23:56:25,BTC,1 Day,67630,48,53,28,28,36,59,85.5,4,83,75,52.5
2024-06-01 23:54:49,BTC,1 Day,67746,50,53,27.5,28,46.5,69,84.5,4,54,33,65.5
2024-06-02 23:54:58,BTC,1 Day,67829.7,51,53.5,27,29.5,42.5,66.5,87,4.5,86,34.5,57.5
2024-06-03 23:55:19,BTC,1 Day,69144.6,55,57.5,68.5,70,67,75.5,89,4,1,37,68
2024-06-04 23:55:51,BTC,1 Day,70580,68,61.5,70,71,82.5,73.5,88,4.5,94,31.5,97.5
2024-06-05 23:57:35,BTC,1 Day,71100,72,63,78,72,90.5,78,92,4.5,88,61,96.5
2024-06-06 23:56:53,BTC,1 Day,70744.5,67,61,83.5,72.5,84,65.5,88.5,4.5,74,22,96
2024-06-07 23:57:14,BTC,1 Day,69242.3,50,55,16.5,28,47,66.5,87.5,5,58.5,22,46.5
2024-06-08 23:57:32,BTC,1 Day,69420,46,55.5,19.5,26.5,30,70,82,5,42,75,47.5
2024-06-09 23:56:31,BTC,1 Day,69752.1,44,56.5,24.5,28.5,30,65.5,86,5.5,1,26.5,52.5
2024-06-10 23:57:52,BTC,1 Day,69585.1,48,56,26.5,29.5,45.5,73.5,88,5.5,1,34.5,62.5
2024-06-11 23:57:21,BTC,1 Day,67380,39,47,26.5,30,27,42,78.5,6.5,51.5,84.5,46
2024-06-12 23:57:05,BTC,1 Day,68556,45,51.5,22,27.5,31,62.5,87,6,70,39,73
2024-06-13 23:57:09,BTC,1 Day,66954.5,36,45.5,24.5,26.5,16.5,39,81,7,90.5,1,35
2024-06-14 23:57:15,BTC,1 Day,66304,39,43.5,20.5,26.5,27.5,37.5,79,7,82.5,87.5,50.5
2024-06-15 23:56:43,BTC,1 Day,66146.1,33,43,17.5,26.5,19.5,41,86.5,7.5,12,39,46
2024-06-16 23:45:52,BTC,1 Day,66471.5,44,44.5,19.5,28.5,37.5,48,83,7.5,94,61,45
2024-06-17 23:58:29,BTC,1 Day,66600,46,45,74,70.5,53,45.5,79.5,7.5,54,67,48
2024-06-18 23:57:36,BTC,1 Day,65214,38,40,26.5,29,39.5,32,80,8.5,63,1,43
2024-06-19 23:57:59,BTC,1 Day,65060,38,39.5,29,27,29,34.5,81,8.5,87,11.5,38
2024-06-20 23:58:48,BTC,1 Day,65050.5,37,39.5,27.5,27.5,26.5,42.5,83,8.5,77.5,54.5,41
2024-06-21 23:57:39,BTC,1 Day,64062.3,37,36,26,28,29,35.5,76,9.5,93.5,77,40
2024-06-22 23:56:34,BTC,1 Day,64327.1,38,37.5,24,27.5,36,44.5,82.5,9.5,71.5,85,37
2024-06-23 23:56:19,BTC,1 Day,63790.5,37,35,26,29.5,33.5,39,79,9.5,88,15.5,37.5
2024-06-24 23:56:48,BTC,1 Day,60047.6,19,25,27.5,30.5,8.5,31,73,12,1,59,47
2024-06-25 23:56:22,BTC,1 Day,61884.1,27,34.5,14.5,27,13.5,39,80,11,39,47.5,65
2024-06-26 23:56:32,BTC,1 Day,61070,29,32,14.5,27,15.5,34.5,79.5,11.5,88,2.5,65.5
2024-06-27 23:57:09,BTC,1 Day,61536.5,37,35,85,72.5,52.5,39,77.5,11.5,1,24.5,53
2024-06-28 23:56:15,BTC,1 Day,60340,36,32.5,18,28.5,34,33.5,81.5,12.5,88,69.5,49
2024-06-29 23:57:09,BTC,1 Day,61038.1,38,36,22.5,28,50,39,83.5,12,81,72,70
2024-06-30 23:56:37,BTC,1 Day,61909.1,46,40,71.5,70.5,50.5,36.5,87,11.5,89,66.5,76
2024-07-01 23:55:46,BTC,1 Day,63078.9,57,45,74,70.5,81,43.5,88,11,75.5,17,58
2024-07-02 23:55:47,BTC,1 Day,62042.7,46,41.5,76.5,71,71.5,30,85.5,11.5,1,1,55
2024-07-03 23:55:55,BTC,1 Day,60320,31,36,24,29,30,29,78.5,7,1,29.5,42.5
2024-07-04 23:56:27,BTC,1 Day,58467.4,23,31.5,21.5,28,7,31,71.5,8,79,65,60.5
2024-07-05 23:56:28,BTC,1 Day,56627.3,15,28,10,25.5,1.5,22,70.5,9,9.5,18,78.5
2024-07-06 23:56:31,BTC,1 Day,57882,24,34,5.5,21.5,8,32.5,82,26.5,53.5,49.5,65.5
2024-07-07 23:56:29,BTC,1 Day,56556,33,31.5,6.5,24,29.5,25.5,81,29,84,67,51
2024-07-08 23:56:41,BTC,1 Day,56622.2,31,33.5,8.5,25.5,42.5,32.5,72.5,31.5,1,45.5,60.5
2024-07-09 23:56:49,BTC,1 Day,57829.7,35,38.5,17,24.5,43.5,30,82.5,32,1,22.5,59
2024-07-10 23:56:14,BTC,1 Day,57484.5,44,38,74.5,74.5,68,25.5,84.5,32,1,19,59
2024-07-11 23:56:18,BTC,1 Day,57389.1,46,37.5,75,74,63.5,22,81,32,80.5,18,53
2024-07-12 23:56:07,BTC,1 Day,57602.6,35,38.5,25.5,26.5,50,30,80.5,32,1,47,58
2024-07-13 23:58:38,BTC,1 Day,58668,51,43,73.5,73,61.5,44.5,84.5,31.5,82.5,33.5,43
2024-07-14 23:56:28,BTC,1 Day,61053.9,67,51.5,73.5,72,88.5,61,87,29.5,92,46.5,62
2024-07-15 23:55:54,BTC,1 Day,63534,71,58.5,79.5,71.5,97.5,73.5,89.5,27.5,1,1,70
2024-07-16 23:55:41,BTC,1 Day,64585.6,73,61,94.5,73.5,98.5,71,89,26.5,1,18.5,70
2024-07-17 23:56:07,BTC,1 Day,64362,71,59.5,97,75.5,96,66.5,87.5,33.5,1,74.5,67.5
2024-07-18 23:54:39,BTC,1 Day,63811.1,63,57.5,95.5,75,60,59,83,34,93,89.5,77
2024-07-22 23:54:35,BTC,1 Day,67806.2,70,66,84.5,73,79,65.5,89,31,84,57.5,65
2024-07-23 23:55:13,BTC,1 Day,65876.5,56,58.5,15,27,45,65.5,83,32,93,8,51
2024-07-24 23:56:24,BTC,1 Day,65698,48,58,18.5,26,22,66.5,85,32.5,95,11,41.5
2024-07-25 23:57:36,BTC,1 Day,65844,48,58,24,26.5,22,64.5,80,32.5,90,34,60.5
2024-07-26 23:55:13,BTC,1 Day,67956,65,63.5,77,75,62.5,80,87.5,31,82.5,39,74
2024-07-27 23:57:41,BTC,1 Day,68856,73,65.5,78,74.5,86,75.5,88.5,30,83.5,64.5,82.5
2024-07-28 23:53:40,BTC,1 Day,68010,70,63.5,77.5,75.5,82.5,78,87.5,31,82.5,40,72
2024-07-29 23:54:31,BTC,1 Day,67372,62,60,79,73,56,70,87.5,28,77.5,7,35
2024-07-30 23:54:44,BTC,1 Day,66310,50,56,22,24.5,32.5,63.5,82,28.5,77,50.5,43
2024-07-31 23:54:48,BTC,1 Day,64954.9,38,50.5,24,25.5,13,49,81,28.5,86,68.5,47.5
2024-08-01 23:54:19,BTC,1 Day,64862.2,38,50.5,20,25.5,18,51,76,28,66,12,68.5
2024-08-02 23:56:53,BTC,1 Day,62094,30,42,19.5,23,7.5,31,77.5,29.5,82.5,51,42
2024-08-03 23:54:57,BTC,1 Day,60650,26,38.5,10,20.5,6,27.5,75,28.5,80,30,42
2024-08-04 23:55:26,BTC,1 Day,58509.8,21,34,8,21.5,1,24.5,73.5,30,83.5,42,55.5
2024-08-05 23:54:56,BTC,1 Day,54312,18,27,4.5,22,1,22,69.5,33.5,79.5,1,66
2024-08-06 23:56:43,BTC,1 Day,56440,23,34.5,1,4,2,34.5,81.5,32,86.5,86.5,42
2024-08-07 23:55:54,BTC,1 Day,55292,23,32.5,1.5,5.5,7,27.5,79.5,33,69.5,43.5,57
2024-08-08 23:57:14,BTC,1 Day,60480,68,46.5,94.5,91.5,91,43.5,85,29.5,95,42,73
2024-08-09 23:55:34,BTC,1 Day,60680,69,47,95,90,96,36.5,84,29,74,62.5,43.5
2024-08-10 23:54:56,BTC,1 Day,61078,72,48,95,86.5,99,41,83.5,28.5,93.5,57.5,60.5
2024-08-11 23:55:32,BTC,1 Day,59049.6,41,44,4,21,47,25.5,82,38,72,28.5,51
2024-08-12 23:55:43,BTC,1 Day,58969.2,40,44,7.5,24,30.5,27.5,78.5,37.5,83.5,84.5,59
2024-08-13 23:56:09,BTC,1 Day,60914.4,48,48.5,10.5,22.5,41,43.5,87.5,36.5,92.5,3.5,57.5
2024-08-14 23:55:46,BTC,1 Day,58950,45,44.5,24,23.5,49,27.5,84.5,40,79.5,29.5,46
2024-08-15 23:56:01,BTC,1 Day,57493,39,41.5,24.5,24,30,24.5,78,41.5,73,68.5,55
2024-08-16 23:56:28,BTC,1 Day,58950,41,45.5,22,22,28,29,80,40,75,79,60.5
2024-08-17 23:56:23,BTC,1 Day,59294.5,46,46.5,25.5,23.5,48.5,34.5,83.5,40,78.5,66,55.5
2024-08-18 23:54:56,BTC,1 Day,59523.9,57,47,74.5,71.5,70.5,43.5,84.5,39.5,94.5,74.5,52
2024-08-19 23:54:45,BTC,1 Day,59120.1,52,46.5,75,69.5,56.5,38,80.5,40,90.5,44,60.5
2024-08-20 23:58:06,BTC,1 Day,59293.3,51,47,71.5,70,51,43.5,84,40,74,67,64.5
2024-08-21 23:56:17,BTC,1 Day,61189.3,61,52,71.5,72.5,76.5,58,83.5,38.5,73.5,81,60.5
2024-08-22 23:57:01,BTC,1 Day,60566.4,59,50.5,74,73.5,69,47.5,87,39,92,46,60.5
2024-08-23 23:56:52,BTC,1 Day,64373.8,75,59,74.5,72.5,94.5,82.5,86.5,36,96.5,89,66
2024-08-24 23:56:18,BTC,1 Day,63701,71,57.5,86,76,86.5,72.5,87,36.5,97,69,47.5
2024-08-25 23:56:33,BTC,1 Day,64361.4,74,59,88,73,93,74.5,86,36,81,35,55
2024-08-26 23:55:42,BTC,1 Day,63250.4,61,55.5,88.5,70.5,58,56.5,84,37,94,55.5,51
2024-08-27 23:55:38,BTC,1 Day,60328,36,47.5,18,29.5,16.5,27.5,77,38.5,72,32.5,46
2024-08-28 23:55:59,BTC,1 Day,59183,30,45,13.5,26.5,4,31,75.5,40,85.5,69.5,13.5
2024-08-29 23:53:56,BTC,1 Day,59561.1,32,46,10.5,24,7.5,30,84,40,89,52.5,15.5
2024-08-30 23:54:58,BTC,1 Day,59029.9,39,44.5,10,24.5,28.5,27.5,79,40,69,45.5,44.5
2024-08-31 23:54:06,BTC,1 Day,59106.8,45,45,12,24.5,44.5,27.5,81,36.5,91,53.5,31.5
2024-09-01 23:54:12,BTC,1 Day,58305.5,42,42.5,20,29,38.5,30,73.5,37.5,78.5,56,52
2024-09-02 23:54:47,BTC,1 Day,58991,46,46,28,29.5,42.5,27.5,77.5,36.5,87.5,64,58.5
2024-09-03 23:53:41,BTC,1 Day,58021,42,43.5,28.5,29,37,25.5,79.5,37.5,69.5,20,52
2024-09-04 23:54:22,BTC,1 Day,58093,48,44,73.5,71,54,30,76,37.5,81,21.5,56.5
2024-09-05 23:54:51,BTC,1 Day,56127.4,36,39,27.5,26.5,21,22,75.5,39,85.5,18.5,53.5
2024-09-06 23:54:44,BTC,1 Day,53718.8,28,34,24.5,26.5,11.5,29,66.5,41,71.5,40,59
2024-09-07 23:53:56,BTC,1 Day,54015,25,35,17,21,8,29,71.5,39,66.5,54.5,28.5
2024-09-08 23:56:47,BTC,1 Day,54445,32,36.5,13.5,25,19,30,74.5,38,84.5,72,53.5
2024-09-09 23:55:05,BTC,1 Day,57417.2,56,46.5,82.5,72,75,36.5,80,37,70,1.5,64.5
2024-09-10 23:54:46,BTC,1 Day,57501.1,61,47,81.5,73.5,85.5,34.5,81.5,37.5,71.5,1,54.5
2024-09-11 23:54:26,BTC,1 Day,57389.9,62,47,80.5,73,85,34.5,78.5,37.5,88.5,69,38.5
2024-09-12 23:54:27,BTC,1 Day,57950,56,48.5,82,74.5,71,36.5,84.5,37,74.5,64.5,51.5
2024-09-13 23:54:59,BTC,1 Day,60256,67,55.5,81,75,80.5,68,86.5,35.5,96.5,75.5,60.5
2024-09-14 23:53:55,BTC,1 Day,60030.6,65,54.5,83.5,75.5,83,55.5,82.5,37,77.5,65,60.5
2024-09-15 23:53:56,BTC,1 Day,59610,61,53,79.5,72,75.5,51,81.5,37,76.5,71.5,38
2024-09-16 23:55:36,BTC,1 Day,57964.2,43,48,22.5,30,31,39,76,37.5,71,58,47.5
2024-09-17 23:55:43,BTC,1 Day,60276.9,55,55,23.5,29,47.5,70,81.5,35.5,86.5,31.5,77
2024-09-18 23:56:09,BTC,1 Day,60272,57,55,74.5,73.5,59.5,61,83,36,73,78.5,68.5
2024-09-19 23:52:45,BTC,1 Day,62971,75,61.5,76.5,76,92.5,67.5,88,34,98,1,65
2024-09-20 23:53:26,BTC,1 Day,63155.9,72,62,82.5,77.5,88.5,65.5,86,34,76,21,64.5
2024-09-21 23:53:08,BTC,1 Day,63063.2,67,61.5,85.5,76.5,77,64.5,83.5,34,78.5,84,60.5
2024-09-22 23:53:03,BTC,1 Day,63173.9,64,62,85.5,71.5,61,60,84.5,34,89.5,88.5,29.5
2024-09-23 23:58:09,BTC,1 Day,63392,65,62.5,77,70,56,60,87,40,97,28.5,51
2024-09-24 23:53:40,BTC,1 Day,64094,64,64.5,70,71,59,72.5,86.5,39.5,76.5,24.5,66
2024-09-25 23:54:09,BTC,1 Day,63528.2,63,61,67.5,71.5,52.5,62,87,40,92,60.5,60.5
2024-09-26 23:54:22,BTC,1 Day,65000,66,64.5,67,71,67,78,85.5,39,80.5,43.5,66.5
2024-09-27 23:54:12,BTC,1 Day,65788.8,69,66.5,71,73,70,71,88,38.5,98,56.5,78
2024-09-28 23:54:45,BTC,1 Day,65644,71,66,74.5,72.5,79.5,65.5,86.5,38.5,96.5,68,79
2024-09-29 23:56:34,BTC,1 Day,65810.2,67,66.5,76,69.5,66.5,65.5,84,38.5,89,83,84.5
2024-09-30 23:53:50,BTC,1 Day,63681.4,52,56,25.5,32.5,34,60,81,40,86,3,35.5
2024-10-01 23:55:34,BTC,1 Day,61211.5,34,47,23.5,29.5,8.5,31,78.5,42,83.5,63,55.5
2024-10-02 23:53:45,BTC,1 Day,60816,31,46,15,24,4.5,32,77.5,42,87.5,62,54.5
2024-10-03 23:54:15,BTC,1 Day,60769.8,32,46,10.5,23.5,11,42.5,77.5,42,67.5,39.5,53.5
2024-10-04 23:54:30,BTC,1 Day,62317.8,59,51.5,89.5,75.5,50.5,62.5,82,41,92,33.5,60.5
2024-10-05 23:53:10,BTC,1 Day,61859.5,57,50,84.5,74,62.5,55.5,84,41.5,79,53,57.5
2024-10-07 23:53:09,BTC,1 Day,63354.2,63,55.5,72.5,67.5,70.5,67.5,86.5,40.5,91.5,24.5,65.5
2024-10-08 23:53:03,BTC,1 Day,62471.1,55,52,72,70,57.5,60,78,41,68,76,60.5
2024-10-09 23:53:04,BTC,1 Day,60920.5,44,45.5,30,30,31.5,26.5,78.5,42,88.5,16.5,54.5
2024-10-10 23:53:33,BTC,1 Day,60000,37,42.5,29.5,30,23,29,72,43,62,53,50.5
2024-10-11 23:53:48,BTC,1 Day,62956.6,55,54.5,26.5,29.5,49.5,72.5,85,40.5,75,55,60.5
2024-10-12 23:54:15,BTC,1 Day,63140,62,55,74,71.5,72.5,70,84.5,40.5,74.5,46,32.5
2024-10-13 23:53:25,BTC,1 Day,62892,65,54,75,69,80.5,60,83.5,40.5,88.5,72,58.5
2024-10-14 23:53:35,BTC,1 Day,65808.9,72,63.5,76,67.5,87,80,88,38.5,78,17.5,82
2024-10-15 23:54:44,BTC,1 Day,66471.9,74,65,85.5,73,88.5,75.5,86.5,38.5,91.5,59,58
2024-10-16 23:54:43,BTC,1 Day,67521.8,78,67.5,89.5,78,94.5,73.5,87,37.5,82,84,63
2024-10-17 23:54:14,BTC,1 Day,67050,69,65,87.5,78.5,77,63,84,37.5,74,45,60.5
2024-10-18 23:53:54,BTC,1 Day,68300,70,69,86,77.5,72,70,87.5,36.5,82.5,66,77
2024-10-19 23:54:04,BTC,1 Day,68299.9,69,68.5,84.5,77.5,62.5,70,83.5,37,93.5,79.5,82.5
2024-10-20 23:58:13,BTC,1 Day,68780,70,70,72,72.5,67.5,72.5,84.5,36.5,94.5,37.5,83.5
2024-10-21 23:55:22,BTC,1 Day,67777.3,60,63.5,29.5,30,49,63,84,37.5,74,76.5,58.5
2024-10-22 23:54:28,BTC,1 Day,67518,57,62,30.5,26.5,40.5,70,82.5,37.5,77.5,15,43
2024-10-23 23:56:40,BTC,1 Day,66376,45,56.5,30,26,21.5,63.5,78,38,68,80.5,49
2024-10-24 23:55:40,BTC,1 Day,68318,64,63.5,72,74,51.5,75.5,85.5,37,75.5,41,96.5
2024-10-25 23:55:12,BTC,1 Day,67244.9,57,58,28.5,26,47,70,83.5,37.5,78.5,34,67
2024-10-26 23:55:59,BTC,1 Day,67154.5,59,57.5,72,76.5,54,67.5,78.5,38,73.5,74.5,60.5
2024-10-27 23:56:58,BTC,1 Day,68144.2,59,60.5,31.5,27.5,49.5,73.5,85.5,37,75.5,70.5,88.5
2024-10-28 23:57:07,BTC,1 Day,69866.5,71,65.5,69.5,69.5,79,80,87.5,36,92.5,13.5,99
2024-10-29 23:56:34,BTC,1 Day,72800,79,72,76,72.5,95,75.5,88.5,34,83.5,87,98
2024-10-30 23:55:45,BTC,1 Day,72399,80,70.5,87,80.5,95,69,87.5,34,97.5,76,96.5
2024-10-31 23:56:10,BTC,1 Day,70455.2,67,61.5,90.5,79.5,74,67.5,83.5,35.5,78.5,33,44
2024-11-01 23:55:37,BTC,1 Day,69412.3,47,57.5,13,20.5,25.5,66.5,80,36,75,45,30
2024-11-02 23:57:49,BTC,1 Day,69419.8,44,57.5,18,18.5,16.5,74.5,82,36,77,80,36.5
2024-11-03 23:56:35,BTC,1 Day,68862,46,55.5,21.5,24.5,24.5,59,75,36.5,85,78,56
2024-11-04 23:57:14,BTC,1 Day,68060,46,52,19.5,24.5,28,53.5,79.5,31.5,89.5,37.5,60
2024-11-05 23:57:10,BTC,1 Day,69482,55,56.5,20.5,23.5,44,72.5,86,31.5,81,62,60
2024-11-06 23:59:14,BTC,1 Day,75622.3,79,70,71,78.5,95,82.5,89,27,99,89,75
2024-11-07 23:59:45,BTC,1 Day,75838,82,70.5,91.5,94.5,99,71,88,27,98,19.5,96
2024-11-08 23:45:34,BTC,1 Day,76485.3,82,71.5,96,93.5,99,71,87.5,26.5,82.5,75,86
2024-11-09 23:45:16,BTC,1 Day,76495.1,75,71.5,97.5,91.5,84.5,67.5,86,26.5,76,85.5,77
2024-11-09 23:59:39,BTC,1 Day,76545.5,77,71.5,97.5,91.5,85,72.5,86,26.5,96,38,77.5
2024-11-10 23:59:13,BTC,1 Day,80700,82,77.5,97,85.5,93.5,75.5,88.5,24,83.5,8,67
2024-11-11 23:59:02,BTC,1 Day,87908,88,84,95.5,91.5,99,80,88,20,98,90.5,75
2024-11-12 23:51:49,BTC,1 Day,88624.9,88,84.5,99,97,99,69,88,36,83,54,65
2024-11-13 23:45:17,BTC,1 Day,89637.6,88,83.5,99,99,99,70,86.5,35.5,76.5,82,63
2024-11-13 23:59:47,BTC,1 Day,89686,88,83.5,99,99,99,70,86.5,35.5,91.5,46.5,61
2024-11-14 23:45:07,BTC,1 Day,87881.9,77,76,99,99,81,65.5,84,36.5,74,74.5,62
2024-11-15 23:45:00,BTC,1 Day,91462.4,80,78,99,99,86,72.5,81.5,34.5,91.5,77,68
2024-11-15 23:59:32,BTC,1 Day,91197,79,78,99,99,84.5,72.5,81.5,34.5,76.5,21,65.5
2024-11-16 23:59:33,BTC,1 Day,90483.5,74,76,95.5,98.5,57.5,63,86.5,35,76.5,67.5,64
2024-11-17 23:48:31,BTC,1 Day,89456,72,73,78,95,73.5,63,82,33.5,77,52,63.5
2024-11-18 23:59:43,BTC,1 Day,91140.7,73,75.5,78,91,58,72.5,86,32.5,91,79,65.5
2024-11-19 23:46:48,BTC,1 Day,91654.5,73,76,76,92.5,62,78,88,32.5,83,19.5,66.5
2024-11-20 23:46:03,BTC,1 Day,94009.8,79,78.5,79,92.5,86,75.5,87.5,31,82.5,51.5,76.5
2024-11-21 23:45:45,BTC,1 Day,98150,85,81.5,79,93,98.5,71,87.5,29,77.5,27,89.5
2024-11-23 23:45:59,BTC,1 Day,97560.5,82,78,95.5,96.5,93,61,84,34.5,94,54.5,89.5
2024-11-24 23:52:06,BTC,1 Day,97600,74,78,93.5,93,61,74.5,76.5,33.5,81.5,60.5,92
2024-11-25 23:45:46,BTC,1 Day,93465,42,65,12,9,12,63.5,79,36,69,51.5,44.5
2024-11-26 23:59:12,BTC,1 Day,91820,34,61,14,7,4,59,70,36.5,65,64,49
2024-11-27 23:58:32,BTC,1 Day,96116,45,67,9.5,5,16.5,75.5,78.5,34,73.5,17.5,69.5
2024-11-28 23:59:53,BTC,1 Day,95640,68,66.5,89,94,61,69,80.5,34.5,90.5,61.5,66
2024-11-29 23:47:38,BTC,1 Day,97460.2,77,68.5,85.5,91,91.5,69,83.5,33.5,88.5,81,88
2024-11-30 23:45:00,BTC,1 Day,96602,69,66.5,85.5,88.5,73,69,81.5,38.5,71.5,84.5,45.5
2024-12-01 23:48:53,BTC,1 Day,97663,69,67.5,83,83.5,75,69,81.5,38,76.5,39,86.5
2024-12-02 23:48:31,BTC,1 Day,95388.9,54,62,18.5,20,36,62,80,39,75,83.5,30.5
2024-12-03 23:46:28,BTC,1 Day,95867.6,58,63,30.5,16.5,43,70,78.5,37,88.5,73.5,67
2024-12-04 23:52:16,BTC,1 Day,98191,68,67,69.5,85.5,55.5,75.5,84,39.5,94,14,88
2024-12-05 23:46:53,BTC,1 Day,96519.6,65,61.5,72.5,88.5,59,70,87.5,39.5,82.5,17.5,66
2024-12-06 23:48:46,BTC,1 Day,100580,76,68,72,98.5,88.5,73.5,82,40.5,77,17.5,97
2024-12-07 23:50:46,BTC,1 Day,99900,71,67,77.5,97.5,72,69,86,40.5,96,74,94.5
2024-12-08 23:56:34,BTC,1 Day,100100,72,67.5,80,92.5,82.5,67.5,84.5,40.5,74.5,49,96
2024-12-09 23:52:35,BTC,1 Day,97024,51,57.5,18.5,13.5,38,59,79,42,74,17.5,59
2024-12-10 23:45:57,BTC,1 Day,96781.3,45,57,22,8.5,23.5,65.5,76,42,71,86,47.5
2024-12-11 23:50:40,BTC,1 Day,101290,56,64,19.5,7,40.5,75.5,85.5,34.5,75.5,58.5,96
2024-12-12 23:59:48,BTC,1 Day,100474,68,62.5,81,92,73,73.5,84.5,35,89.5,61,95.5
2024-12-13 23:57:48,BTC,1 Day,101343,74,63.5,81,90,89,71,82,34.5,87,64,95.5
2024-12-14 23:57:26,BTC,1 Day,101139,65,62.5,83,86,65.5,65.5,82.5,33,87.5,64,94
2024-12-15 23:57:44,BTC,1 Day,103285,72,66.5,83,81,82,73.5,86,32,96,88,84
2024-12-16 23:59:45,BTC,1 Day,105816,76,69.5,86.5,80,90,66.5,87,30.5,77,51.5,74
2024-12-17 23:58:45,BTC,1 Day,106017,77,70,84.5,85.5,92.5,67.5,84,31,74,77.5,78
2024-12-18 23:57:11,BTC,1 Day,101176,49,57,12.5,14.5,39,59,79.5,30,74.5,73.5,80
2024-12-19 23:58:46,BTC,1 Day,98164.4,30,50.5,13,10,3.5,50,69.5,31.5,79.5,52,68
2024-12-20 23:57:23,BTC,1 Day,97484,26,49.5,7,6.5,1,47.5,69,31.5,59,3.5,62
2024-12-21 23:57:28,BTC,1 Day,97069.3,32,48.5,4.5,4.5,7,51,78.5,31.5,88.5,69,54.5
2024-12-22 23:45:31,BTC,1 Day,95160.9,32,45,4,8.5,17,45.5,70,32.5,65,15,33.5
2024-12-25 23:45:16,BTC,1 Day,98843.1,63,53,76,83,78.5,61,81,27.5,86,54,85.5
2024-12-25 23:59:56,BTC,1 Day,98807.2,62,53,76,83,78.5,61,81,28,76,53.5,86
2024-12-26 23:59:51,BTC,1 Day,95808.5,54,46.5,79.5,79,69.5,40,76.5,29.5,81.5,79,53
2024-12-27 23:45:07,BTC,1 Day,94556,37,44.5,20,22.5,24,39,71.5,30,66.5,78.5,24.5
2024-12-28 23:45:07,BTC,1 Day,95147.8,36,46,18,21.5,12,50,79.5,30,89.5,1,55
2024-12-29 23:45:08,BTC,1 Day,93652,35,43,18,26.5,19.5,41,76.5,29,66.5,62.5,27.5
2024-12-30 23:49:59,BTC,1 Day,92700,36,41.5,16,28,27.5,33,73.5,29,63.5,79,52.5
2024-12-31 23:49:49,BTC,1 Day,93785.2,42,44,16,25.5,31.5,45.5,76,28.5,86,84,55
2025-01-01 23:49:41,BTC,1 Day,94897.8,51,47,72,74.5,54,49,76,28,81,49.5,58.5
2025-01-02 23:49:20,BTC,1 Day,97002,63,51.5,69.5,71.5,82,65.5,82,28.5,87,58,54.5
2025-01-03 23:50:02,BTC,1 Day,98290.8,69,54.5,76,73,90.5,64.5,83.5,27.5,88.5,84.5,67.5
2025-01-04 23:50:03,BTC,1 Day,98460.8,68,54.5,82,72,89.5,69,81,30.5,71,74,76
2025-01-05 23:49:53,BTC,1 Day,98578,64,55,84.5,69.5,76,74.5,78,30,88,56.5,78
2025-01-06 23:49:49,BTC,1 Day,102043,71,62,81.5,68,85,78,85,28,90,1,84
2025-01-07 23:50:12,BTC,1 Day,97023.4,54,50,85,71.5,51.5,56.5,76.5,31,71.5,1,51
2025-01-08 23:50:17,BTC,1 Day,95083.4,39,46,20,23.5,26,45.5,71,28,66,49,56.5
2025-01-09 23:50:17,BTC,1 Day,92378.7,24,41.5,16,20.5,1,35.5,68,29.5,63,2.5,48.5
2025-01-10 23:50:07,BTC,1 Day,94750,34,46.5,9,18.5,12.5,49,75.5,28.5,85.5,83.5,58.5
2025-01-11 23:49:38,BTC,1 Day,94640.2,41,46.5,8,18,30.5,44.5,76,28.5,86,76,51
2025-01-12 23:49:28,BTC,1 Day,94075.9,51,45.5,91.5,75.5,59,39,77,29,72,38.5,58.5
2025-01-13 23:49:38,BTC,1 Day,94324.7,47,45.5,74.5,71.5,51,42,71.5,25.5,66.5,8.5,64.5
2025-01-14 23:49:25,BTC,1 Day,96619.4,57,51,69.5,78.5,68,69,80,26,75,71,58.5
2025-01-15 23:49:26,BTC,1 Day,99775.4,70,57.5,73,79.5,88.5,78,82.5,28,77.5,90.5,88
2025-01-16 23:49:22,BTC,1 Day,99669.2,72,57,84,81,93,71,83.5,26.5,73.5,10,82.5
2025-01-17 23:49:08,BTC,1 Day,104204,79,64.5,87.5,81,98,80,85.5,26.5,95.5,71.5,68
2025-01-18 23:49:13,BTC,1 Day,104148,74,64.5,94,85,91.5,70,82,25,77,71,76.5
2025-01-19 23:49:06,BTC,1 Day,101205,65,56.5,94.5,83,76.5,70,83.5,29,78.5,1,76
2025-01-20 23:48:57,BTC,1 Day,103479,65,60.5,88.5,87,53,67.5,83.5,28.5,93.5,50.5,82.5
2025-01-21 23:49:56,BTC,1 Day,106295,66,64.5,79,97,61.5,73.5,79.5,23.5,74.5,1,99
2025-01-22 23:50:02,BTC,1 Day,104180,65,60,82.5,96.5,73.5,67.5,81,24.5,76,82.5,99
2025-01-23 23:50:20,BTC,1 Day,104087,64,59.5,77,92,71.5,72.5,77,24.5,67,1,99
2025-01-24 23:51:18,BTC,1 Day,105080,54,61,23,6,48,72.5,83.5,26,73.5,54,99
2025-01-25 23:50:15,BTC,1 Day,105086,63,61,77.5,90,60,73.5,78,26,83,80.5,99
2025-01-26 23:50:40,BTC,1 Day,104604,61,60,73,82.5,56.5,74.5,78.5,25.5,73.5,18,99
2025-01-27 23:50:46,BTC,1 Day,101862,44,53,28,23,25.5,63.5,71.5,25,76.5,4.5,99
2025-01-28 23:50:35,BTC,1 Day,101308,41,51.5,29,15,18,57.5,78,23,83,58.5,99
2025-01-29 23:50:26,BTC,1 Day,103563,54,56.5,25.5,18,46.5,72.5,78.5,22.5,83.5,92,99
2025-01-30 23:50:23,BTC,1 Day,105142,64,59.5,74.5,80.5,72.5,78,83.5,22,73.5,84.5,99
2025-01-31 23:50:32,BTC,1 Day,102316,56,52.5,74,78.5,65,59,79,26.5,69,82.5,99
2025-02-01 23:50:06,BTC,1 Day,100883,44,49.5,28,22.5,33,55.5,71,27.5,66,9.5,99
2025-02-02 23:50:23,BTC,1 Day,97565.4,27,42.5,25,26,5.5,33,66.5,25,61.5,31.5,95
2025-02-03 23:50:16,BTC,1 Day,101540,42,51,15.5,21.5,25,63.5,72.5,16,77.5,88,99
2025-02-04 23:50:13,BTC,1 Day,97728.2,34,44,15.5,9.5,19.5,37.5,77,19,72,18,50.5